"Date","Price","Open","High","Low","Vol.","Change %"
"Aug 07, 2020","190.65","191.45","192.10","189.55","44.82M","-0.16%"
"Aug 06, 2020","190.95","192.30","194.50","190.25","59.74M","-0.26%"
"Aug 05, 2020","191.45","192.75","196.85","191.00","68.89M","-0.08%"
"Aug 04, 2020","191.60","193.35","193.80","190.50","43.87M","-0.34%"
"Aug 03, 2020","192.25","192.00","194.60","190.05","72.46M","0.42%"
"Jul 31, 2020","191.45","188.00","194.85","186.70","145.90M","2.63%"
"Jul 30, 2020","186.55","192.50","193.50","186.05","48.48M","-2.43%"
"Jul 29, 2020","191.20","187.60","195.25","187.00","73.77M","0.92%"
"Jul 28, 2020","189.45","188.00","190.50","185.75","51.49M","1.23%"
"Jul 27, 2020","187.15","193.00","193.20","186.50","50.71M","-2.50%"
"Jul 24, 2020","191.95","195.70","196.30","190.65","65.27M","-3.18%"
"Jul 23, 2020","198.25","192.40","199.10","191.15","70.80M","3.26%"
"Jul 22, 2020","192.00","195.70","196.75","190.10","62.28M","-1.23%"
"Jul 21, 2020","194.40","192.45","196.20","191.50","59.29M","1.91%"
"Jul 20, 2020","190.75","190.00","193.25","188.75","45.68M","1.35%"
"Jul 17, 2020","188.20","186.80","189.50","185.00","47.04M","1.05%"
"Jul 16, 2020","186.25","185.00","186.95","181.65","46.55M","1.33%"
"Jul 15, 2020","183.80","187.95","189.95","183.00","58.53M","-1.21%"
"Jul 14, 2020","186.05","192.30","192.30","184.60","62.24M","-3.45%"
"Jul 13, 2020","192.70","198.80","199.80","191.60","61.95M","-1.48%"
"Jul 10, 2020","195.60","198.00","202.50","194.80","111.41M","-1.76%"
"Jul 09, 2020","199.10","192.80","201.00","192.55","89.54M","3.75%"
"Jul 08, 2020","191.90","188.90","197.45","188.40","143.08M","1.75%"
"Jul 07, 2020","188.60","187.00","189.20","184.05","55.12M","0.29%"
"Jul 06, 2020","188.05","186.60","189.85","186.15","43.79M","1.81%"
"Jul 03, 2020","184.70","186.65","186.85","183.40","38.05M","-0.40%"
"Jul 02, 2020","185.45","185.65","188.00","184.00","52.13M","0.35%"
"Jul 01, 2020","184.80","179.45","185.40","178.60","54.02M","3.56%"
"Jun 30, 2020","178.45","181.10","182.90","177.25","43.62M","-0.45%"
"Jun 29, 2020","179.25","183.00","183.10","178.50","50.97M","-2.90%"
"Jun 26, 2020","184.60","188.00","188.60","183.80","49.18M","-0.35%"
"Jun 25, 2020","185.25","182.20","186.80","180.40","73.63M","0.35%"
"Jun 24, 2020","184.60","194.80","194.90","183.90","74.67M","-4.08%"
"Jun 23, 2020","192.45","189.60","193.10","187.85","65.49M","2.53%"
"Jun 22, 2020","187.70","185.00","191.75","184.25","80.02M","1.73%"
"Jun 19, 2020","184.50","180.30","184.95","179.50","76.90M","2.70%"
"Jun 18, 2020","179.65","172.40","180.65","171.10","58.26M","3.87%"
"Jun 17, 2020","172.95","171.00","176.20","169.25","73.87M","0.03%"
"Jun 16, 2020","172.90","178.00","178.95","169.40","63.93M","-0.46%"
"Jun 15, 2020","173.70","177.85","177.85","172.00","63.62M","-3.04%"
"Jun 12, 2020","179.15","170.00","180.00","169.80","92.76M","1.13%"
"Jun 11, 2020","177.15","188.00","190.40","176.35","91.73M","-5.62%"
"Jun 10, 2020","187.70","184.55","189.00","183.80","67.34M","1.76%"
"Jun 09, 2020","184.45","187.70","191.00","183.35","96.66M","-1.26%"
"Jun 08, 2020","186.80","197.00","197.50","185.80","151.75M","-0.53%"
"Jun 05, 2020","187.80","176.55","189.80","176.00","201.33M","7.90%"
"Jun 04, 2020","174.05","174.90","177.65","171.50","83.50M","-0.49%"
"Jun 03, 2020","174.90","172.50","179.90","172.00","113.17M","2.73%"
"Jun 02, 2020","170.25","169.90","171.30","167.20","70.42M","0.12%"
"Jun 01, 2020","170.05","164.00","171.40","163.35","92.74M","5.42%"
"May 29, 2020","161.30","156.10","161.90","155.20","58.37M","1.96%"
"May 28, 2020","158.20","159.45","162.40","156.70","76.97M","-0.25%"
"May 27, 2020","158.60","151.95","160.80","150.80","88.21M","4.76%"
"May 26, 2020","151.40","152.40","153.20","150.20","48.28M","0.36%"
"May 22, 2020","150.85","152.00","155.60","149.45","87.07M","-0.72%"
"May 21, 2020","151.95","153.65","156.15","151.50","61.15M","-0.95%"
"May 20, 2020","153.40","153.00","155.25","151.15","66.18M","0.39%"
"May 19, 2020","152.80","157.50","157.85","152.40","71.52M","-1.61%"
"May 18, 2020","155.30","166.40","166.40","155.00","77.35M","-6.67%"
"May 15, 2020","166.40","167.95","168.25","164.70","35.50M","-0.92%"
"May 14, 2020","167.95","170.95","171.75","167.50","48.14M","-3.53%"
"May 13, 2020","174.10","178.55","178.55","170.50","81.72M","4.31%"
"May 12, 2020","166.90","164.20","168.50","160.85","70.75M","0.88%"
"May 11, 2020","165.45","167.95","168.90","165.00","54.59M","-0.72%"
"May 08, 2020","166.65","172.45","173.80","166.10","55.94M","-2.40%"
"May 07, 2020","170.75","170.85","172.55","168.80","42.94M","-0.20%"
"May 06, 2020","171.10","171.15","173.30","166.55","73.16M","0.41%"
"May 05, 2020","170.40","181.00","181.25","168.80","91.05M","-4.72%"
"May 04, 2020","178.85","182.45","183.50","178.00","58.12M","-6.12%"
"Apr 30, 2020","190.50","193.50","195.90","189.70","63.07M","0.21%"
"Apr 29, 2020","190.10","185.00","191.80","183.50","57.47M","3.15%"
"Apr 28, 2020","184.30","182.00","185.35","181.20","49.59M","1.88%"
"Apr 27, 2020","180.90","183.50","183.50","180.50","43.00M","0.64%"
"Apr 24, 2020","179.75","184.00","184.00","179.00","65.15M","-3.72%"
"Apr 23, 2020","186.70","187.75","189.90","185.15","50.96M","-1.06%"
"Apr 22, 2020","188.70","185.50","189.50","181.35","61.50M","2.14%"
"Apr 21, 2020","184.75","188.00","188.20","183.00","53.04M","-4.03%"
"Apr 20, 2020","192.50","194.00","197.35","190.05","81.96M","-0.39%"
"Apr 17, 2020","193.25","196.00","198.00","186.30","89.86M","2.52%"
"Apr 16, 2020","188.50","182.00","189.90","180.25","61.17M","3.37%"
"Apr 15, 2020","182.35","187.00","191.95","180.15","72.19M","-0.63%"
"Apr 13, 2020","183.50","186.80","188.70","183.10","51.85M","-2.26%"
"Apr 09, 2020","187.75","188.00","190.00","183.60","62.42M","2.60%"
"Apr 08, 2020","183.00","182.90","194.40","180.45","80.44M","-1.82%"
"Apr 07, 2020","186.40","184.40","187.30","177.60","72.13M","6.21%"
"Apr 03, 2020","175.50","187.55","188.20","175.00","64.46M","-5.92%"
"Apr 01, 2020","186.55","194.00","194.50","185.25","52.95M","-5.23%"
"Mar 31, 2020","196.85","192.00","198.50","188.05","59.54M","5.32%"
"Mar 30, 2020","186.90","190.00","195.00","186.25","60.08M","-4.62%"
"Mar 27, 2020","195.95","202.00","211.90","195.00","114.75M","1.66%"
"Mar 26, 2020","192.75","191.55","201.00","185.10","107.26M","1.50%"
"Mar 25, 2020","189.90","178.00","195.25","176.45","71.57M","3.66%"
"Mar 24, 2020","183.20","190.95","191.95","173.55","67.49M","0.88%"
"Mar 23, 2020","181.60","190.00","199.50","180.25","61.75M","-13.46%"
"Mar 20, 2020","209.85","205.55","215.70","200.00","77.39M","3.04%"
"Mar 19, 2020","203.65","202.95","219.75","198.15","93.54M","-5.37%"
"Mar 18, 2020","215.20","221.00","223.15","200.10","101.41M","0.02%"
"Mar 17, 2020","215.15","227.20","229.90","212.05","65.41M","-3.67%"
"Mar 16, 2020","223.35","227.90","231.40","220.60","75.58M","-7.71%"
"Mar 13, 2020","242.00","200.00","248.80","184.65","155.70M","13.83%"
"Mar 12, 2020","212.60","231.90","231.90","208.60","99.77M","-13.26%"
"Mar 11, 2020","245.10","253.00","258.50","243.10","90.85M","-3.29%"
"Mar 09, 2020","253.45","260.05","262.75","251.15","101.29M","-6.30%"
"Mar 06, 2020","270.50","268.00","274.40","253.95","106.04M","-6.24%"
"Mar 05, 2020","288.50","290.90","298.40","270.00","149.25M","1.12%"
"Mar 04, 2020","285.30","291.80","293.00","275.10","73.68M","-1.57%"
"Mar 03, 2020","289.85","293.00","294.40","285.30","61.95M","0.85%"
"Mar 02, 2020","287.40","311.00","312.00","284.05","66.71M","-5.15%"
"Feb 28, 2020","303.00","312.00","314.65","301.10","59.71M","-5.89%"
"Feb 27, 2020","321.95","328.00","330.00","318.00","47.01M","-1.90%"
"Feb 26, 2020","328.20","324.85","330.80","324.20","43.92M","0.43%"
"Feb 25, 2020","326.80","325.90","328.15","322.20","39.05M","1.19%"
"Feb 24, 2020","322.95","325.75","331.30","321.85","45.27M","-1.43%"
"Feb 20, 2020","327.65","319.35","329.20","318.75","40.15M","2.28%"
"Feb 19, 2020","320.35","322.30","324.00","317.25","39.85M","0.88%"
"Feb 18, 2020","317.55","315.40","319.20","309.40","38.59M","1.07%"
"Feb 17, 2020","314.20","320.95","321.15","311.65","36.95M","-1.63%"
"Feb 14, 2020","319.40","328.10","331.90","318.55","48.21M","-2.46%"
"Feb 13, 2020","327.45","322.00","330.95","322.00","62.52M","2.26%"
"Feb 12, 2020","320.20","329.90","329.90","319.25","38.93M","-1.28%"
"Feb 11, 2020","324.35","321.05","325.80","321.05","30.19M","1.84%"
"Feb 10, 2020","318.50","319.80","322.80","316.50","24.82M","-0.64%"
"Feb 07, 2020","320.55","321.50","325.00","318.40","37.13M","-0.43%"
"Feb 06, 2020","321.95","311.20","323.50","310.10","57.76M","3.52%"
"Feb 05, 2020","311.00","306.90","313.65","304.60","35.01M","1.55%"
"Feb 04, 2020","306.25","302.90","307.55","297.10","51.14M","2.73%"
"Feb 03, 2020","298.10","303.00","306.85","295.35","56.06M","-1.49%"
"Feb 01, 2020","302.60","317.30","322.55","296.60","61.84M","-4.98%"
"Jan 31, 2020","318.45","313.70","321.70","308.60","92.66M","2.49%"
"Jan 30, 2020","310.70","316.75","316.75","305.65","35.80M","-1.82%"
"Jan 29, 2020","316.45","317.85","319.70","315.55","23.91M","0.43%"
"Jan 28, 2020","315.10","317.95","320.00","311.05","26.49M","-0.35%"
"Jan 27, 2020","316.20","320.90","322.00","315.80","23.31M","-2.42%"
"Jan 24, 2020","324.05","323.50","327.30","321.15","22.71M","0.26%"
"Jan 23, 2020","323.20","316.00","324.80","314.15","33.29M","2.23%"
"Jan 22, 2020","316.15","317.00","317.00","313.70","24.99M","0.78%"
"Jan 21, 2020","313.70","313.80","316.95","312.00","30.59M","-0.10%"
"Jan 20, 2020","314.00","321.00","321.45","313.40","30.68M","-1.26%"
"Jan 17, 2020","318.00","313.00","323.50","310.10","58.40M","-1.64%"
"Jan 16, 2020","323.30","324.00","326.90","322.35","26.65M","-0.29%"
"Jan 15, 2020","324.25","329.00","329.20","322.35","32.63M","-1.14%"
"Jan 14, 2020","328.00","329.80","331.70","326.50","26.30M","-0.83%"
"Jan 13, 2020","330.75","334.00","335.45","329.05","23.62M","-0.45%"
"Jan 10, 2020","332.25","331.00","337.95","328.10","42.38M","0.62%"
"Jan 09, 2020","330.20","326.90","331.40","325.00","40.35M","3.25%"
"Jan 08, 2020","319.80","312.10","321.50","311.00","44.53M","0.44%"
"Jan 07, 2020","318.40","324.45","327.00","315.40","50.97M","-0.19%"
"Jan 06, 2020","319.00","331.70","331.70","317.70","35.65M","-4.41%"
"Jan 03, 2020","333.70","337.95","337.95","332.00","21.85M","-1.65%"
"Jan 02, 2020","339.30","334.50","339.85","333.35","20.32M","1.45%"
"Jan 01, 2020","334.45","334.70","335.95","332.15","17.38M","0.21%"
"Dec 31, 2019","333.75","334.40","336.35","332.55","23.80M","-0.19%"
"Dec 30, 2019","334.40","337.75","337.85","332.50","22.78M","-0.85%"
"Dec 27, 2019","337.25","333.40","338.35","333.00","33.48M","2.24%"
"Dec 26, 2019","329.85","333.00","333.45","328.10","24.62M","-0.48%"
"Dec 24, 2019","331.45","333.20","334.20","329.20","21.75M","-0.29%"
"Dec 23, 2019","332.40","335.70","338.85","330.35","30.15M","-1.61%"
"Dec 20, 2019","337.85","330.35","339.50","330.35","51.84M","2.96%"
"Dec 19, 2019","328.15","327.35","329.60","324.50","27.52M","0.37%"
"Dec 18, 2019","326.95","335.00","335.55","325.80","26.45M","-1.79%"
"Dec 17, 2019","332.90","333.25","335.75","330.65","26.73M","0.32%"
"Dec 16, 2019","331.85","335.95","337.25","330.80","35.03M","-0.21%"
"Dec 13, 2019","332.55","325.20","333.45","325.00","40.96M","3.32%"
"Dec 12, 2019","321.85","314.00","322.95","313.55","37.80M","2.89%"
"Dec 11, 2019","312.80","311.20","315.75","308.00","52.56M","-0.19%"
"Dec 10, 2019","313.40","317.20","322.65","312.25","52.16M","-1.04%"
"Dec 09, 2019","316.70","318.95","327.65","314.75","52.44M","-1.03%"
"Dec 06, 2019","320.00","336.70","337.65","318.00","47.03M","-4.82%"
"Dec 05, 2019","336.20","343.00","344.60","335.15","30.43M","-1.65%"
"Dec 04, 2019","341.85","334.10","342.95","331.85","26.79M","1.67%"
"Dec 03, 2019","336.25","341.00","342.95","333.35","26.48M","-0.66%"
"Dec 02, 2019","338.50","343.90","344.35","336.20","20.65M","-0.98%"
"Nov 29, 2019","341.85","348.85","348.85","340.60","23.08M","-2.13%"
"Nov 28, 2019","349.30","346.85","351.00","344.50","42.54M","1.67%"
"Nov 27, 2019","343.55","335.95","345.55","334.05","33.97M","2.40%"
"Nov 26, 2019","335.50","338.00","340.00","332.60","36.46M","-0.18%"
"Nov 25, 2019","336.10","329.00","337.50","328.35","27.56M","2.06%"
"Nov 22, 2019","329.30","331.45","333.80","328.25","28.98M","-0.62%"
"Nov 21, 2019","331.35","329.25","332.85","326.55","34.12M","0.78%"
"Nov 20, 2019","328.80","332.00","332.50","325.10","29.97M","-0.48%"
"Nov 19, 2019","330.40","325.80","331.80","322.10","41.37M","1.63%"
"Nov 18, 2019","325.10","324.00","329.85","323.75","39.01M","0.99%"
"Nov 15, 2019","321.90","312.00","323.70","310.05","95.20M","5.20%"
"Nov 14, 2019","306.00","306.95","309.50","299.70","43.62M","-0.26%"
"Nov 13, 2019","306.80","316.05","318.60","305.65","32.68M","-3.60%"
"Nov 11, 2019","318.25","314.70","319.65","313.10","20.49M","0.71%"
"Nov 08, 2019","316.00","316.20","321.00","314.50","25.42M","-0.68%"
"Nov 07, 2019","318.15","318.25","323.30","316.80","33.93M","0.19%"
"Nov 06, 2019","317.55","318.95","318.95","314.00","32.16M","-0.52%"
"Nov 05, 2019","319.20","313.90","322.00","312.80","50.08M","1.56%"
"Nov 04, 2019","314.30","316.00","319.00","312.35","31.54M","0.24%"
"Nov 01, 2019","313.55","312.40","315.00","308.60","44.89M","0.37%"
"Oct 31, 2019","312.40","293.35","317.80","292.75","128.45M","7.76%"
"Oct 30, 2019","289.90","283.00","291.00","279.25","51.47M","3.30%"
"Oct 29, 2019","280.65","283.15","285.00","278.55","51.03M","-0.41%"
"Oct 27, 2019","281.80","281.80","281.80","281.80","-","0.09%"
"Oct 25, 2019","281.55","265.80","284.15","263.55","105.52M","7.26%"
"Oct 24, 2019","262.50","276.00","277.65","248.65","63.94M","-4.70%"
"Oct 23, 2019","275.45","270.75","277.80","268.65","31.79M","1.83%"
"Oct 22, 2019","270.50","270.40","275.00","268.50","27.57M","0.32%"
"Oct 18, 2019","269.65","264.40","271.35","263.20","33.20M","1.58%"
"Oct 17, 2019","265.45","256.40","266.00","255.60","37.06M","3.67%"
"Oct 16, 2019","256.05","259.30","261.95","255.00","30.89M","-0.93%"
"Oct 15, 2019","258.45","256.45","259.90","254.80","23.45M","1.17%"
"Oct 14, 2019","255.45","256.95","259.40","254.00","28.27M","0.35%"
"Oct 11, 2019","254.55","256.20","261.40","251.50","43.27M","0.16%"
"Oct 10, 2019","254.15","258.00","258.00","252.60","37.58M","-2.61%"
"Oct 09, 2019","260.95","250.10","262.00","244.35","60.33M","4.76%"
"Oct 07, 2019","249.10","251.50","253.40","246.85","39.16M","-0.34%"
"Oct 04, 2019","249.95","258.50","260.50","248.55","60.03M","-1.65%"
"Oct 03, 2019","254.15","254.00","260.70","250.10","56.21M","-0.70%"
"Oct 01, 2019","255.95","272.75","275.50","245.55","79.35M","-5.48%"
"Sep 30, 2019","270.80","281.40","281.85","270.15","41.09M","-3.70%"
"Sep 27, 2019","281.20","282.70","286.05","280.00","37.85M","-0.23%"
"Sep 26, 2019","281.85","281.50","289.90","277.00","79.01M","0.57%"
"Sep 25, 2019","280.25","297.00","297.50","278.70","73.06M","-7.39%"
"Sep 24, 2019","302.60","313.15","315.15","300.80","40.10M","-3.55%"
"Sep 23, 2019","313.75","307.55","316.00","300.40","54.18M","3.99%"
"Sep 20, 2019","301.70","274.50","307.65","268.40","84.48M","10.09%"
"Sep 19, 2019","274.05","279.95","279.95","273.05","23.39M","-2.26%"
"Sep 18, 2019","280.40","277.20","282.95","274.40","25.48M","2.35%"
"Sep 17, 2019","273.95","285.00","286.45","273.00","21.53M","-3.78%"
"Sep 16, 2019","284.70","288.20","290.45","283.80","18.27M","-2.40%"
"Sep 13, 2019","291.70","285.00","292.50","282.00","27.30M","1.62%"
"Sep 12, 2019","287.05","286.75","288.80","284.15","21.96M","0.63%"
"Sep 11, 2019","285.25","278.50","285.85","278.50","21.00M","2.61%"
"Sep 09, 2019","278.00","273.95","278.70","271.00","18.62M","1.48%"
"Sep 06, 2019","273.95","275.05","277.00","272.10","16.68M","0.24%"
"Sep 05, 2019","273.30","275.00","276.35","271.05","25.09M","-0.65%"
"Sep 04, 2019","275.10","269.70","275.85","267.25","27.31M","2.50%"
"Sep 03, 2019","268.40","272.00","272.00","266.95","21.24M","-1.99%"
"Aug 30, 2019","273.85","275.95","277.95","266.85","45.70M","-0.24%"
"Aug 29, 2019","274.50","283.20","284.30","273.30","27.08M","-3.65%"
"Aug 28, 2019","284.90","286.65","286.65","282.20","18.98M","-0.28%"
"Aug 27, 2019","285.70","284.00","288.00","282.60","45.16M","1.96%"
"Aug 26, 2019","280.20","288.00","288.00","270.00","64.07M","3.36%"
"Aug 23, 2019","271.10","267.10","275.25","262.70","35.21M","0.95%"
"Aug 22, 2019","268.55","278.30","278.30","267.30","27.73M","-3.19%"
"Aug 21, 2019","277.40","285.50","285.60","276.30","28.23M","-2.22%"
"Aug 20, 2019","283.70","287.30","287.40","280.65","23.20M","-1.10%"
"Aug 19, 2019","286.85","292.00","292.40","286.00","19.83M","-1.39%"
"Aug 16, 2019","290.90","287.95","292.80","284.30","20.05M","0.40%"
"Aug 14, 2019","289.75","285.05","291.25","284.50","18.52M","2.26%"
"Aug 13, 2019","283.35","290.90","291.55","282.50","24.23M","-2.75%"
"Aug 09, 2019","291.35","296.30","298.00","290.05","23.38M","-1.02%"
"Aug 08, 2019","294.35","290.00","295.50","285.60","32.93M","1.54%"
"Aug 07, 2019","289.90","302.40","302.45","288.80","30.82M","-3.82%"
"Aug 06, 2019","301.40","298.80","304.25","297.25","30.44M","0.38%"
"Aug 05, 2019","300.25","298.45","302.85","291.70","48.82M","-2.66%"
"Aug 02, 2019","308.45","315.55","322.25","307.05","64.47M","-2.74%"
"Aug 01, 2019","317.15","330.80","331.50","311.35","40.85M","-4.53%"
"Jul 31, 2019","332.20","325.10","333.20","323.90","22.74M","1.42%"
"Jul 30, 2019","327.55","344.40","346.70","325.85","24.44M","-4.73%"
"Jul 29, 2019","343.80","343.95","346.55","336.80","17.06M","0.35%"
"Jul 26, 2019","342.60","340.80","346.15","340.50","16.14M","0.38%"
"Jul 25, 2019","341.30","341.70","343.20","337.40","19.86M","0.50%"
"Jul 24, 2019","339.60","341.85","344.70","336.25","20.82M","-0.76%"
"Jul 23, 2019","342.20","351.20","353.00","341.00","27.96M","-2.47%"
"Jul 22, 2019","350.85","356.00","359.55","348.70","19.68M","-1.45%"
"Jul 19, 2019","356.00","365.10","366.05","355.15","22.21M","-2.10%"
"Jul 18, 2019","363.65","371.95","373.80","362.55","21.69M","-2.35%"
"Jul 17, 2019","372.40","364.05","373.55","363.05","17.55M","2.21%"
"Jul 16, 2019","364.35","358.50","366.00","357.65","16.25M","1.19%"
"Jul 15, 2019","360.05","364.10","365.00","357.60","15.67M","-0.98%"
"Jul 12, 2019","363.60","363.00","366.55","361.50","14.66M","0.11%"
"Jul 11, 2019","363.20","358.50","364.00","357.00","20.05M","2.54%"
"Jul 10, 2019","354.20","360.55","361.50","351.30","18.68M","-1.47%"
"Jul 09, 2019","359.50","353.50","360.00","352.50","16.58M","1.18%"
"Jul 08, 2019","355.30","368.00","368.45","353.50","27.25M","-4.14%"
"Jul 05, 2019","370.65","369.45","373.60","366.00","30.02M","0.88%"
"Jul 04, 2019","367.40","367.25","370.90","366.20","19.25M","0.34%"
"Jul 03, 2019","366.15","365.25","366.70","363.00","12.63M","0.45%"
"Jul 02, 2019","364.50","362.15","365.00","360.35","14.48M","0.82%"
"Jul 01, 2019","361.55","362.80","363.00","358.50","12.35M","0.08%"
"Jun 28, 2019","361.25","362.20","365.00","358.70","22.71M","-0.25%"
"Jun 27, 2019","362.15","358.10","363.00","357.25","29.66M","1.12%"
"Jun 26, 2019","358.15","355.75","359.00","354.30","15.84M","0.45%"
"Jun 25, 2019","356.55","352.70","357.00","351.25","15.92M","0.95%"
"Jun 24, 2019","353.20","350.00","354.75","349.65","17.92M","1.09%"
"Jun 21, 2019","349.40","344.80","350.70","343.15","24.75M","1.23%"
"Jun 20, 2019","345.15","341.00","346.25","335.60","20.63M","1.86%"
"Jun 19, 2019","338.85","343.10","345.20","335.50","16.42M","-0.35%"
"Jun 18, 2019","340.05","335.50","344.00","333.80","21.96M","0.65%"
"Jun 17, 2019","337.85","343.75","343.75","336.95","13.78M","-1.73%"
"Jun 14, 2019","343.80","345.50","346.35","342.55","10.35M","-0.78%"
"Jun 13, 2019","346.50","343.00","347.45","339.80","15.51M","0.73%"
"Jun 12, 2019","344.00","346.95","346.95","342.30","11.57M","-0.89%"
"Jun 11, 2019","347.10","345.05","348.30","342.85","16.28M","0.81%"
"Jun 10, 2019","344.30","346.00","347.30","340.15","20.50M","0.66%"
"Jun 07, 2019","342.05","337.00","342.75","336.00","29.74M","1.53%"
"Jun 06, 2019","336.90","349.00","349.60","335.90","41.94M","-4.40%"
"Jun 04, 2019","352.40","354.00","357.20","351.40","18.13M","-0.86%"
"Jun 03, 2019","355.45","352.35","356.45","349.65","18.38M","0.84%"
"May 31, 2019","352.50","354.35","357.90","344.65","32.59M","-0.30%"
"May 30, 2019","353.55","349.75","355.00","347.50","25.71M","1.41%"
"May 29, 2019","348.65","358.00","359.00","347.15","28.37M","-3.17%"
"May 28, 2019","360.05","360.95","361.70","356.65","23.50M","-0.46%"
"May 27, 2019","361.70","355.05","362.50","354.00","31.38M","1.79%"
"May 24, 2019","355.35","344.95","357.00","343.50","35.70M","3.84%"
"May 23, 2019","342.20","353.00","364.00","339.20","74.41M","0.32%"
"May 22, 2019","341.10","338.90","342.60","333.55","32.00M","1.05%"
"May 21, 2019","337.55","345.90","347.55","336.25","33.46M","-2.07%"
"May 20, 2019","344.70","332.00","345.80","331.00","53.21M","7.97%"
"May 17, 2019","319.25","315.65","321.95","313.45","25.84M","1.11%"
"May 16, 2019","315.75","312.50","317.10","309.55","18.15M","1.17%"
"May 15, 2019","312.10","316.20","317.90","311.00","27.93M","-0.81%"
"May 14, 2019","314.65","307.85","316.75","305.10","30.52M","2.53%"
"May 13, 2019","306.90","310.00","314.20","305.30","40.10M","-0.37%"
"May 10, 2019","308.05","301.80","310.75","292.45","60.74M","2.92%"
"May 09, 2019","299.30","297.60","301.00","296.10","12.65M","0.35%"
"May 08, 2019","298.25","303.95","305.30","296.75","22.10M","-2.36%"
"May 07, 2019","305.45","310.70","313.40","303.75","15.22M","-1.07%"
"May 06, 2019","308.75","306.80","310.30","305.90","10.64M","-0.40%"
"May 03, 2019","310.00","309.00","311.80","308.80","12.45M","0.60%"
"May 02, 2019","308.15","308.05","311.40","305.65","16.64M","-0.58%"
"Apr 30, 2019","309.95","312.00","312.00","305.00","18.18M","-0.82%"
"Apr 26, 2019","312.50","306.90","313.50","306.60","14.99M","2.06%"
"Apr 25, 2019","306.20","311.00","312.00","305.40","30.84M","-1.46%"
"Apr 24, 2019","310.75","305.85","311.95","303.60","15.23M","1.80%"
"Apr 23, 2019","305.25","310.05","313.75","304.60","17.32M","-1.55%"
"Apr 22, 2019","310.05","308.80","312.30","306.35","15.67M","-0.24%"
"Apr 18, 2019","310.80","315.80","315.80","308.05","15.69M","-1.57%"
"Apr 16, 2019","315.75","316.60","319.40","314.70","14.94M","0.05%"
"Apr 15, 2019","315.60","315.50","318.70","313.75","13.86M","0.11%"
"Apr 12, 2019","315.25","314.60","316.40","311.20","14.75M","0.11%"
"Apr 11, 2019","314.90","311.00","315.40","308.70","14.90M","1.29%"
"Apr 10, 2019","310.90","314.85","317.05","310.00","19.24M","-1.22%"
"Apr 09, 2019","314.75","313.95","315.70","308.10","25.56M","0.62%"
"Apr 08, 2019","312.80","318.25","319.25","311.10","17.39M","-1.34%"
"Apr 05, 2019","317.05","323.70","323.70","315.00","23.12M","-1.48%"
"Apr 04, 2019","321.80","321.50","325.75","318.30","27.83M","0.41%"
"Apr 03, 2019","320.50","331.00","332.45","319.50","30.55M","-2.58%"
"Apr 02, 2019","329.00","323.65","331.00","322.10","27.90M","1.94%"
"Apr 01, 2019","322.75","321.80","327.65","321.05","22.37M","0.62%"
"Mar 29, 2019","320.75","321.10","323.00","316.25","30.39M","0.55%"
"Mar 28, 2019","319.00","310.10","339.65","309.05","63.24M","3.30%"
"Mar 27, 2019","308.80","305.25","310.85","304.35","35.96M","1.75%"
"Mar 26, 2019","303.50","294.75","305.00","294.75","18.30M","3.23%"
"Mar 25, 2019","294.00","294.00","295.45","292.20","16.90M","-1.36%"
"Mar 22, 2019","298.05","304.30","306.40","296.95","17.87M","-1.89%"
"Mar 20, 2019","303.80","302.80","304.65","300.05","18.82M","0.25%"
"Mar 19, 2019","303.05","300.15","306.60","299.15","27.22M","1.37%"
"Mar 18, 2019","298.95","298.90","300.90","294.65","23.78M","0.18%"
"Mar 15, 2019","298.40","292.60","301.30","292.50","37.93M","2.23%"
"Mar 14, 2019","291.90","294.50","294.70","290.75","16.16M","-0.43%"
"Mar 13, 2019","293.15","288.10","294.40","284.70","23.73M","2.18%"
"Mar 12, 2019","286.90","289.20","289.90","285.75","20.83M","-0.16%"
"Mar 11, 2019","287.35","285.30","289.00","283.50","22.93M","2.19%"
"Mar 08, 2019","281.20","281.85","284.25","279.60","19.94M","-0.20%"
"Mar 07, 2019","281.75","279.45","282.50","277.65","14.90M","1.31%"
"Mar 06, 2019","278.10","277.30","282.55","276.45","22.16M","0.60%"
"Mar 05, 2019","276.45","271.70","277.85","271.20","21.53M","1.28%"
"Mar 01, 2019","272.95","270.55","274.60","270.10","20.02M","1.45%"
"Feb 28, 2019","269.05","267.70","270.80","267.65","31.64M","0.52%"
"Feb 27, 2019","267.65","268.00","272.70","266.55","20.57M","0.49%"
"Feb 26, 2019","266.35","266.80","268.20","263.25","15.27M","-1.41%"
"Feb 25, 2019","270.15","271.30","271.40","267.90","20.79M","-0.30%"
"Feb 22, 2019","270.95","267.90","271.90","267.60","12.54M","1.10%"
"Feb 21, 2019","268.00","270.30","271.00","267.30","13.76M","0.11%"
"Feb 20, 2019","267.70","264.50","268.30","264.30","15.51M","1.83%"
"Feb 19, 2019","262.90","260.90","267.50","260.30","19.06M","1.13%"
"Feb 18, 2019","259.95","264.40","265.50","258.80","14.78M","-1.14%"
"Feb 15, 2019","262.95","268.85","268.85","261.30","23.37M","-1.55%"
"Feb 14, 2019","267.10","268.00","268.35","263.65","26.37M","-0.41%"
"Feb 13, 2019","268.20","276.50","276.70","266.70","18.66M","-2.61%"
"Feb 12, 2019","275.40","280.65","282.20","274.65","15.33M","-1.82%"
"Feb 11, 2019","280.50","285.95","285.95","280.00","15.42M","-1.92%"
"Feb 08, 2019","286.00","285.60","288.00","282.20","19.78M","-0.49%"
"Feb 07, 2019","287.40","289.40","294.00","286.60","19.73M","-0.57%"
"Feb 06, 2019","289.05","285.85","289.75","283.50","12.15M","1.55%"
"Feb 05, 2019","284.65","284.20","287.00","283.00","13.29M","0.25%"
"Feb 04, 2019","283.95","282.40","285.20","277.85","20.64M","-0.16%"
"Feb 01, 2019","284.40","296.90","302.70","282.00","60.02M","-3.15%"
"Jan 31, 2019","293.65","290.00","294.80","288.00","25.55M","2.16%"
"Jan 30, 2019","287.45","281.20","289.40","280.25","18.91M","2.44%"
"Jan 29, 2019","280.60","281.00","286.00","276.55","17.44M","-0.36%"
"Jan 28, 2019","281.60","285.65","286.60","277.30","18.91M","-1.33%"
"Jan 25, 2019","285.40","289.60","291.00","283.20","11.12M","-0.92%"
"Jan 24, 2019","288.05","286.65","289.90","285.50","11.53M","0.49%"
"Jan 23, 2019","286.65","290.45","292.95","285.50","10.30M","-1.24%"
"Jan 22, 2019","290.25","293.00","293.00","288.20","11.30M","-0.75%"
"Jan 21, 2019","292.45","295.90","296.75","291.45","10.19M","-0.85%"
"Jan 18, 2019","294.95","298.75","299.85","294.25","9.08M","-0.82%"
"Jan 17, 2019","297.40","303.90","304.35","295.60","15.97M","-1.90%"
"Jan 16, 2019","303.15","303.00","306.65","302.10","12.11M","0.50%"
"Jan 15, 2019","301.65","302.00","303.60","301.10","9.44M","0.42%"
"Jan 14, 2019","300.40","301.00","303.60","299.55","10.37M","-0.78%"
"Jan 11, 2019","302.75","305.40","306.20","300.95","12.70M","-0.92%"
"Jan 10, 2019","305.55","305.10","307.50","303.50","16.30M","0.08%"
"Jan 09, 2019","305.30","306.00","307.10","300.75","21.11M","0.00%"
"Jan 08, 2019","305.30","295.80","306.00","294.75","22.95M","3.04%"
"Jan 07, 2019","296.30","301.05","301.50","295.20","14.58M","-0.45%"
"Jan 04, 2019","297.65","292.10","299.00","291.50","19.51M","2.25%"
"Jan 03, 2019","291.10","295.00","295.55","290.10","17.55M","-0.95%"
"Jan 02, 2019","293.90","299.10","302.50","293.10","25.56M","-1.90%"
"Jan 01, 2019","299.60","297.50","300.70","293.85","11.84M","1.25%"
"Dec 31, 2018","295.90","297.20","298.25","295.50","9.53M","0.37%"
"Dec 28, 2018","294.80","293.60","297.10","293.55","12.88M","0.91%"
"Dec 27, 2018","292.15","296.70","297.60","291.50","15.30M","-0.68%"
"Dec 26, 2018","294.15","292.85","295.00","287.15","12.68M","0.38%"
"Dec 24, 2018","293.05","293.50","295.00","290.15","12.05M","0.39%"
"Dec 21, 2018","291.90","293.65","296.50","290.80","15.78M","-0.73%"
"Dec 20, 2018","294.05","298.35","301.65","293.15","19.22M","-2.21%"
"Dec 19, 2018","300.70","294.70","302.00","294.70","26.12M","2.72%"
"Dec 18, 2018","292.75","287.85","294.00","287.00","13.61M","1.12%"
"Dec 17, 2018","289.50","289.30","291.45","287.30","12.73M","0.10%"
"Dec 14, 2018","289.20","288.50","290.80","287.05","12.16M","0.07%"
"Dec 13, 2018","289.00","290.00","294.00","285.75","24.10M","1.31%"
"Dec 12, 2018","285.25","283.75","285.85","282.20","21.77M","1.42%"
"Dec 11, 2018","281.25","268.35","283.25","268.35","30.93M","2.57%"
"Dec 10, 2018","274.20","271.00","276.40","270.15","11.95M","-0.44%"
"Dec 07, 2018","275.40","277.00","277.35","272.10","10.17M","-0.09%"
"Dec 06, 2018","275.65","278.00","279.25","275.10","11.08M","-1.61%"
"Dec 05, 2018","280.15","282.45","283.20","277.05","14.89M","-0.85%"
"Dec 04, 2018","282.55","287.95","287.95","281.90","11.90M","-1.48%"
"Dec 03, 2018","286.80","286.70","287.90","283.25","15.77M","0.76%"
"Nov 30, 2018","284.65","288.80","290.90","283.20","17.58M","-0.61%"
"Nov 29, 2018","286.40","289.30","289.65","284.25","27.92M","0.65%"
"Nov 28, 2018","284.55","289.40","292.45","283.00","19.84M","-1.68%"
"Nov 27, 2018","289.40","284.60","290.50","284.05","21.24M","1.05%"
"Nov 26, 2018","286.40","284.10","287.25","279.60","16.85M","1.31%"
"Nov 22, 2018","282.70","285.95","287.05","281.60","12.07M","-1.52%"
"Nov 21, 2018","287.05","283.45","289.55","283.05","16.17M","1.27%"
"Nov 20, 2018","283.45","285.90","288.55","282.50","12.90M","-1.63%"
"Nov 19, 2018","288.15","293.50","293.50","286.05","13.80M","-0.95%"
"Nov 16, 2018","290.90","285.90","291.80","282.60","24.81M","1.93%"
"Nov 15, 2018","285.40","283.85","287.05","281.15","18.45M","0.63%"
"Nov 14, 2018","283.60","280.40","287.70","278.00","52.67M","2.00%"
"Nov 13, 2018","278.05","276.30","279.70","273.35","25.63M","0.04%"
"Nov 12, 2018","277.95","283.70","283.70","276.85","24.04M","-1.87%"
"Nov 09, 2018","283.25","287.00","287.50","282.45","19.20M","-1.15%"
"Nov 07, 2018","286.55","288.90","288.90","285.95","3.31M","0.03%"
"Nov 06, 2018","286.45","296.10","298.30","283.90","40.69M","-2.88%"
"Nov 05, 2018","294.95","286.45","300.00","283.50","44.62M","3.36%"
"Nov 02, 2018","285.35","287.90","292.80","283.20","27.76M","-0.19%"
"Nov 01, 2018","285.90","283.00","289.00","278.85","29.14M","1.60%"
"Oct 31, 2018","281.40","275.00","282.75","268.60","28.14M","3.02%"
"Oct 30, 2018","273.15","267.50","279.10","266.00","33.40M","1.96%"
"Oct 29, 2018","267.90","250.00","269.25","248.40","37.77M","7.98%"
"Oct 26, 2018","248.10","252.00","252.50","247.40","20.54M","-0.58%"
"Oct 25, 2018","249.55","254.50","255.00","248.40","33.07M","-2.41%"
"Oct 24, 2018","255.70","260.25","261.80","252.80","25.64M","0.02%"
"Oct 23, 2018","255.65","258.00","259.00","255.00","20.21M","-1.81%"
"Oct 22, 2018","260.35","266.00","266.00","259.45","19.93M","-0.29%"
"Oct 19, 2018","261.10","259.70","264.20","258.10","28.47M","-0.02%"
"Oct 17, 2018","261.15","273.75","275.00","260.00","21.63M","-3.39%"
"Oct 16, 2018","270.30","264.60","270.85","263.35","33.60M","2.70%"
"Oct 15, 2018","263.20","264.40","265.70","261.10","21.97M","-0.21%"
"Oct 12, 2018","263.75","266.00","267.90","261.50","42.97M","0.61%"
"Oct 11, 2018","262.15","268.00","271.50","260.60","46.29M","-5.92%"
"Oct 10, 2018","278.65","261.60","280.45","261.20","31.77M","5.97%"
"Oct 09, 2018","262.95","268.00","268.15","260.00","16.01M","-1.05%"
"Oct 08, 2018","265.75","259.75","268.50","258.35","21.10M","2.86%"
"Oct 05, 2018","258.35","271.00","271.00","256.00","36.63M","-4.79%"
"Oct 04, 2018","271.35","267.95","272.70","265.70","17.75M","-0.13%"
"Oct 03, 2018","271.70","273.35","278.70","270.60","19.71M","-0.79%"
"Oct 01, 2018","273.85","265.50","275.20","264.10","17.71M","3.15%"
"Sep 28, 2018","265.50","266.40","273.50","262.50","33.80M","0.06%"
"Sep 27, 2018","265.35","264.50","268.60","263.75","24.83M","0.57%"
"Sep 26, 2018","263.85","274.00","274.00","262.75","23.95M","-2.60%"
"Sep 25, 2018","270.90","264.00","272.95","260.80","28.95M","2.48%"
"Sep 24, 2018","264.35","272.70","273.00","262.60","24.63M","-2.31%"
"Sep 21, 2018","270.60","274.20","279.45","253.40","39.31M","-0.33%"
"Sep 19, 2018","271.50","275.40","282.85","270.50","40.76M","-0.84%"
"Sep 18, 2018","273.80","285.00","286.90","272.40","33.90M","-4.03%"
"Sep 17, 2018","285.30","288.50","288.50","284.10","16.09M","-1.84%"
"Sep 14, 2018","290.65","290.10","291.80","288.70","15.15M","1.88%"
"Sep 12, 2018","285.30","284.00","286.70","280.00","22.72M","0.96%"
"Sep 11, 2018","282.60","287.35","291.45","281.65","28.36M","-0.79%"
"Sep 10, 2018","284.85","290.65","293.25","283.80","23.35M","-2.33%"
"Sep 07, 2018","291.65","295.90","295.90","289.45","23.72M","-1.62%"
"Sep 06, 2018","296.45","298.00","299.85","294.50","18.00M","-0.03%"
"Sep 05, 2018","296.55","296.50","298.85","290.40","22.92M","0.05%"
"Sep 04, 2018","296.40","306.80","307.45","295.45","42.86M","-3.25%"
"Sep 03, 2018","306.35","312.50","312.50","304.80","14.71M","-1.05%"
"Aug 31, 2018","309.60","307.90","310.65","304.55","18.10M","0.32%"
"Aug 30, 2018","308.60","309.30","310.50","306.00","19.94M","-0.36%"
"Aug 29, 2018","309.70","306.80","312.00","305.75","24.32M","1.42%"
"Aug 28, 2018","305.35","308.05","310.25","303.40","16.89M","-0.86%"
"Aug 27, 2018","308.00","304.00","310.35","303.30","28.11M","2.51%"
"Aug 24, 2018","300.45","300.60","305.70","299.00","18.87M","-0.66%"
"Aug 23, 2018","302.45","306.95","306.95","298.30","22.72M","-1.48%"
"Aug 21, 2018","307.00","308.30","308.85","303.35","14.14M","-0.21%"
"Aug 20, 2018","307.65","304.10","308.70","303.60","20.24M","1.84%"
"Aug 17, 2018","302.10","295.00","302.70","294.05","21.93M","3.21%"
"Aug 16, 2018","292.70","293.50","298.40","290.25","31.08M","-0.75%"
"Aug 14, 2018","294.90","296.70","298.95","293.35","25.29M","0.25%"
"Aug 13, 2018","294.15","296.00","302.80","291.10","58.13M","-3.38%"
"Aug 10, 2018","304.45","317.65","326.40","300.50","111.51M","-4.08%"
"Aug 09, 2018","317.40","312.95","319.85","310.15","46.46M","2.82%"
"Aug 08, 2018","308.70","304.05","310.90","303.05","20.50M","1.53%"
"Aug 07, 2018","304.05","309.85","311.70","303.05","23.93M","-1.44%"
"Aug 06, 2018","308.50","300.60","311.35","300.60","31.58M","3.09%"
"Aug 03, 2018","299.25","294.60","299.95","294.50","18.25M","1.82%"
"Aug 02, 2018","293.90","293.00","296.40","290.55","15.67M","-0.41%"
"Aug 01, 2018","295.10","294.50","298.00","288.35","33.89M","0.55%"
"Jul 31, 2018","293.50","297.00","302.40","291.80","36.51M","-1.31%"
"Jul 30, 2018","297.40","289.20","299.55","289.20","40.95M","3.71%"
"Jul 27, 2018","286.75","289.50","297.00","285.10","32.18M","-0.33%"
"Jul 26, 2018","287.70","275.10","289.40","274.20","53.50M","5.83%"
"Jul 25, 2018","271.85","268.00","272.85","265.65","13.10M","1.87%"
"Jul 24, 2018","266.85","267.20","269.20","265.55","9.32M","0.19%"
"Jul 23, 2018","266.35","262.00","267.50","260.60","17.01M","1.85%"
"Jul 20, 2018","261.50","259.90","263.00","258.55","6.12M","0.50%"
"Jul 19, 2018","260.20","259.40","263.50","256.20","9.96M","0.25%"
"Jul 18, 2018","259.55","260.10","262.50","256.15","17.64M","0.19%"
"Jul 17, 2018","259.05","250.70","259.85","250.45","16.07M","2.96%"
"Jul 16, 2018","251.60","257.00","257.50","251.00","8.97M","-2.39%"
"Jul 13, 2018","257.75","262.10","262.40","256.80","11.98M","-1.90%"
"Jul 12, 2018","262.75","261.40","264.50","261.15","10.64M","1.41%"
"Jul 11, 2018","259.10","262.65","262.65","257.90","12.86M","-1.76%"
"Jul 10, 2018","263.75","263.85","265.75","262.40","11.49M","0.84%"
"Jul 09, 2018","261.55","258.20","262.40","257.95","13.22M","1.69%"
"Jul 06, 2018","257.20","256.10","260.80","255.55","16.17M","0.29%"
"Jul 05, 2018","256.45","257.90","258.70","255.15","11.22M","-0.39%"
"Jul 04, 2018","257.45","255.75","258.35","254.50","14.21M","-0.02%"
"Jul 03, 2018","257.50","259.60","260.90","256.40","16.10M","-0.52%"
"Jul 02, 2018","258.85","258.95","261.75","254.00","21.90M","-0.19%"
"Jun 29, 2018","259.35","258.25","263.45","258.20","16.24M","0.91%"
"Jun 28, 2018","257.00","260.40","262.00","255.70","21.35M","-1.80%"
"Jun 27, 2018","261.70","267.35","267.35","261.00","16.28M","-2.13%"
"Jun 26, 2018","267.40","267.25","271.20","265.40","16.87M","-0.39%"
"Jun 25, 2018","268.45","271.85","273.15","267.20","10.93M","-1.68%"
"Jun 22, 2018","273.05","269.00","273.70","265.75","20.78M","1.64%"
"Jun 21, 2018","268.65","274.75","274.75","268.10","12.95M","-1.70%"
"Jun 20, 2018","273.30","273.20","274.75","271.10","14.00M","0.26%"
"Jun 19, 2018","272.60","276.00","276.70","269.75","20.73M","-1.54%"
"Jun 18, 2018","276.85","278.00","279.75","275.45","13.54M","-0.22%"
"Jun 15, 2018","277.45","282.75","283.45","276.60","16.95M","-1.82%"
"Jun 14, 2018","282.60","286.55","286.55","281.30","18.51M","-1.77%"
"Jun 13, 2018","287.70","284.00","289.65","283.65","26.75M","1.71%"
"Jun 12, 2018","282.85","274.00","284.40","274.00","31.36M","3.23%"
"Jun 11, 2018","274.00","273.30","278.40","273.15","18.22M","0.37%"
"Jun 08, 2018","273.00","268.95","273.90","267.00","14.10M","1.24%"
"Jun 07, 2018","269.65","271.05","272.90","268.40","18.77M","-0.19%"
"Jun 06, 2018","270.15","263.00","271.40","262.20","18.32M","2.50%"
"Jun 05, 2018","263.55","260.90","265.25","260.90","14.10M","0.21%"
"Jun 04, 2018","263.00","268.00","268.35","261.30","12.93M","-1.39%"
"Jun 01, 2018","266.70","269.25","269.80","264.60","16.57M","-1.06%"
"May 31, 2018","269.55","266.85","274.80","263.15","31.94M","0.90%"
"May 30, 2018","267.15","260.50","268.00","259.95","19.32M","1.08%"
"May 29, 2018","264.30","270.50","270.95","262.80","16.11M","-2.85%"
"May 28, 2018","272.05","267.40","274.20","266.05","18.96M","1.91%"
"May 25, 2018","266.95","267.80","268.40","262.55","22.32M","-0.58%"
"May 24, 2018","268.50","263.85","269.70","260.65","34.68M","2.01%"
"May 23, 2018","263.20","254.65","269.75","254.30","71.20M","3.66%"
"May 22, 2018","253.90","243.65","259.70","241.00","68.71M","3.87%"
"May 21, 2018","244.45","243.55","245.75","240.30","18.78M","2.34%"
"May 18, 2018","238.85","243.00","244.00","237.85","11.87M","-1.59%"
"May 17, 2018","242.70","244.20","246.00","241.15","11.72M","-0.16%"
"May 16, 2018","243.10","245.50","248.70","240.60","17.22M","-1.98%"
"May 15, 2018","248.00","253.00","257.45","245.90","18.03M","-2.21%"
"May 14, 2018","253.60","249.95","255.80","248.15","18.67M","1.30%"
"May 11, 2018","250.35","247.60","251.60","246.05","11.96M","0.97%"
"May 10, 2018","247.95","248.25","250.20","246.30","13.16M","-0.02%"
"May 09, 2018","248.00","249.80","249.80","246.30","11.43M","-0.82%"
"May 08, 2018","250.05","248.00","252.60","244.60","23.29M","1.44%"
"May 07, 2018","246.50","242.45","248.20","242.05","15.12M","1.88%"
"May 04, 2018","241.95","243.50","243.90","240.35","12.78M","0.02%"
"May 03, 2018","241.90","240.95","243.40","238.75","12.94M","0.37%"
"May 02, 2018","241.00","245.90","246.30","239.75","12.89M","-2.19%"
"Apr 30, 2018","246.40","244.80","249.70","244.50","17.26M","1.57%"
"Apr 27, 2018","242.60","233.25","245.80","233.25","31.40M","4.03%"
"Apr 26, 2018","233.20","238.40","238.80","232.50","24.50M","-1.69%"
"Apr 25, 2018","237.20","239.70","240.75","236.75","13.12M","-1.41%"
"Apr 24, 2018","240.60","242.00","243.40","239.60","9.49M","-0.76%"
"Apr 23, 2018","242.45","241.90","244.85","239.30","12.11M","0.52%"
"Apr 20, 2018","241.20","245.85","245.85","239.50","15.55M","-2.01%"
"Apr 19, 2018","246.15","247.10","248.45","245.20","13.17M","-0.12%"
"Apr 18, 2018","246.45","249.50","249.90","245.30","16.14M","-0.69%"
"Apr 17, 2018","248.15","251.40","252.50","246.60","15.92M","-0.34%"
"Apr 16, 2018","249.00","249.35","251.30","247.10","16.41M","-0.78%"
"Apr 13, 2018","250.95","254.00","255.95","249.70","25.65M","-1.12%"
"Apr 12, 2018","253.80","257.50","257.50","252.25","18.66M","-1.26%"
"Apr 11, 2018","257.05","263.00","263.00","256.30","14.89M","-2.37%"
"Apr 10, 2018","263.30","261.10","265.00","258.50","21.20M","1.02%"
"Apr 09, 2018","260.65","260.65","262.75","257.60","20.21M","0.37%"
"Apr 06, 2018","259.70","259.65","261.45","254.85","24.87M","0.15%"
"Apr 05, 2018","259.30","252.60","261.90","250.00","22.88M","4.85%"
"Apr 04, 2018","247.30","251.70","253.00","245.50","18.82M","-1.28%"
"Apr 03, 2018","250.50","249.55","252.80","248.25","19.88M","1.77%"
"Apr 02, 2018","246.15","251.80","252.00","244.90","14.99M","-1.50%"
"Mar 28, 2018","249.90","252.00","256.20","248.70","36.67M","-1.75%"
"Mar 27, 2018","254.35","250.00","255.50","248.00","31.21M","3.18%"
"Mar 26, 2018","246.50","234.75","247.85","234.25","30.37M","4.98%"
"Mar 23, 2018","234.80","237.80","239.65","232.35","27.15M","-2.79%"
"Mar 22, 2018","241.55","247.00","247.35","240.65","26.83M","-2.60%"
"Mar 21, 2018","248.00","251.75","254.30","247.10","19.53M","-0.44%"
"Mar 20, 2018","249.10","246.85","252.25","245.35","20.56M","0.46%"
"Mar 19, 2018","247.95","252.90","253.60","246.10","18.17M","-1.72%"
"Mar 16, 2018","252.30","250.65","255.70","250.10","25.73M","-0.55%"
"Mar 15, 2018","253.70","257.00","258.80","252.55","18.34M","-1.30%"
"Mar 14, 2018","257.05","252.50","257.85","250.00","25.47M","0.92%"
"Mar 13, 2018","254.70","251.30","262.40","249.60","37.65M","0.73%"
"Mar 12, 2018","252.85","254.10","255.25","247.25","25.33M","-0.16%"
"Mar 09, 2018","253.25","257.00","257.40","251.65","21.54M","-1.38%"
"Mar 08, 2018","256.80","247.00","257.95","244.30","33.13M","4.12%"
"Mar 07, 2018","246.65","255.05","255.35","246.05","31.26M","-3.86%"
"Mar 06, 2018","256.55","265.85","266.00","255.00","20.78M","-2.64%"
"Mar 05, 2018","263.50","260.45","265.00","258.75","18.48M","0.51%"
"Mar 01, 2018","262.15","266.30","270.00","261.25","22.86M","-2.18%"
"Feb 28, 2018","268.00","264.25","269.70","260.80","26.81M","0.15%"
"Feb 27, 2018","267.60","273.00","275.90","265.95","20.82M","-2.50%"
"Feb 26, 2018","274.45","280.00","280.00","273.85","15.31M","-0.58%"
"Feb 23, 2018","276.05","273.45","277.20","272.50","15.48M","1.27%"
"Feb 22, 2018","272.60","270.40","273.60","269.45","25.58M","-0.26%"
"Feb 21, 2018","273.30","272.20","274.10","267.40","23.71M","1.35%"
"Feb 20, 2018","269.65","269.00","274.20","264.80","33.46M","0.43%"
"Feb 19, 2018","268.50","271.50","272.00","256.65","43.85M","-1.16%"
"Feb 16, 2018","271.65","280.50","281.20","270.05","30.34M","-2.53%"
"Feb 15, 2018","278.70","274.80","282.30","274.25","26.06M","0.91%"
"Feb 14, 2018","276.20","288.70","288.70","275.00","45.64M","-4.35%"
"Feb 12, 2018","288.75","288.25","292.40","285.15","50.84M","-2.58%"
"Feb 09, 2018","296.40","297.00","300.60","295.00","15.75M","-1.66%"
"Feb 08, 2018","301.40","292.90","303.30","292.55","18.93M","2.94%"
"Feb 07, 2018","292.80","296.60","297.90","290.00","21.46M","0.36%"
"Feb 06, 2018","291.75","285.00","297.30","282.90","30.58M","-2.11%"
"Feb 05, 2018","298.05","292.65","300.40","290.00","18.94M","0.24%"
"Feb 02, 2018","297.35","302.90","305.75","295.50","23.27M","-2.84%"
"Feb 01, 2018","306.05","316.90","317.40","305.00","19.52M","-2.30%"
"Jan 31, 2018","313.25","313.00","316.60","307.85","16.41M","-0.10%"
"Jan 30, 2018","313.55","312.05","318.85","311.00","25.81M","0.46%"
"Jan 29, 2018","312.10","313.15","316.90","311.00","23.60M","-0.34%"
"Jan 25, 2018","313.15","332.75","332.75","311.85","42.47M","-5.08%"
"Jan 24, 2018","329.90","317.70","331.60","316.20","38.07M","3.71%"
"Jan 23, 2018","318.10","306.40","320.55","306.35","35.25M","3.78%"
"Jan 22, 2018","306.50","308.35","308.75","304.05","12.62M","-0.89%"
"Jan 19, 2018","309.25","303.95","310.00","302.50","18.46M","1.98%"
"Jan 18, 2018","303.25","315.00","317.80","300.50","40.00M","-1.25%"
"Jan 17, 2018","307.10","296.00","308.40","292.60","26.28M","3.70%"
"Jan 16, 2018","296.15","302.40","303.35","295.30","18.04M","-2.13%"
"Jan 15, 2018","302.60","303.95","305.25","301.55","18.19M","0.12%"
"Jan 12, 2018","302.25","304.65","304.65","300.55","17.59M","0.02%"
"Jan 11, 2018","302.20","300.90","303.00","300.00","12.30M","0.37%"
"Jan 10, 2018","301.10","304.65","305.85","300.00","13.06M","-1.05%"
"Jan 09, 2018","304.30","307.50","309.50","303.30","15.57M","-0.49%"
"Jan 08, 2018","305.80","307.20","309.50","305.00","13.56M","-0.18%"
"Jan 05, 2018","306.35","311.40","311.40","305.60","14.58M","-0.70%"
"Jan 04, 2018","308.50","304.50","310.20","303.15","24.52M","1.87%"
"Jan 03, 2018","302.85","305.30","306.45","302.15","13.86M","-0.13%"
"Jan 02, 2018","303.25","309.00","309.00","301.35","14.80M","-1.25%"
"Jan 01, 2018","307.10","310.60","312.75","306.30","12.18M","-0.90%"
"Dec 29, 2017","309.90","310.00","312.00","309.05","11.94M","0.49%"
"Dec 28, 2017","308.40","315.30","316.50","307.65","20.35M","-2.05%"
"Dec 27, 2017","314.85","316.50","320.30","313.05","14.28M","-0.73%"
"Dec 26, 2017","317.15","318.60","319.95","316.30","9.33M","-0.84%"
"Dec 22, 2017","319.85","317.10","323.85","316.50","13.82M","0.98%"
"Dec 21, 2017","316.75","316.60","318.20","315.40","9.92M","-0.24%"
"Dec 20, 2017","317.50","319.00","319.00","316.50","9.90M","-0.72%"
"Dec 19, 2017","319.80","319.45","322.25","318.40","14.74M","0.28%"
"Dec 18, 2017","318.90","308.00","323.50","300.40","32.12M","2.13%"
"Dec 15, 2017","312.25","318.40","319.35","311.50","16.05M","-0.56%"
"Dec 14, 2017","314.00","314.30","315.40","309.50","13.89M","0.22%"
"Dec 13, 2017","313.30","316.15","318.95","311.15","17.54M","-1.62%"
"Dec 12, 2017","318.45","317.75","320.50","314.65","17.66M","0.02%"
"Dec 11, 2017","318.40","315.95","319.30","315.10","14.01M","1.69%"
"Dec 08, 2017","313.10","316.60","318.85","312.10","16.42M","-1.04%"
"Dec 07, 2017","316.40","312.50","317.75","312.45","12.28M","1.28%"
"Dec 06, 2017","312.40","316.70","317.40","311.50","18.66M","-2.10%"
"Dec 05, 2017","319.10","312.50","320.70","308.80","15.13M","1.75%"
"Dec 04, 2017","313.60","314.70","315.95","311.15","13.89M","0.27%"
"Dec 01, 2017","312.75","321.50","322.30","311.25","16.43M","-2.37%"
"Nov 30, 2017","320.35","325.80","326.50","318.50","27.28M","-2.60%"
"Nov 29, 2017","328.90","332.35","334.85","327.20","11.26M","-0.93%"
"Nov 28, 2017","332.00","336.00","336.70","331.20","16.06M","-1.09%"
"Nov 27, 2017","335.65","329.90","337.00","328.05","13.11M","0.98%"
"Nov 24, 2017","332.40","336.00","337.00","331.50","11.72M","-0.76%"
"Nov 23, 2017","334.95","335.50","336.65","331.65","13.34M","-0.10%"
"Nov 22, 2017","335.30","330.85","339.65","327.00","22.86M","1.41%"
"Nov 21, 2017","330.65","335.00","335.40","330.00","14.19M","-0.71%"
"Nov 20, 2017","333.00","337.10","337.15","331.25","13.51M","-1.33%"
"Nov 17, 2017","337.50","345.00","346.70","336.00","26.52M","1.23%"
"Nov 16, 2017","333.40","327.40","334.20","323.65","22.51M","2.60%"
"Nov 15, 2017","324.95","328.00","331.15","322.25","17.39M","-1.26%"
"Nov 14, 2017","329.10","330.35","334.70","327.50","25.65M","-0.59%"
"Nov 13, 2017","331.05","336.75","344.80","329.75","38.78M","-0.75%"
"Nov 10, 2017","333.55","315.00","338.50","309.50","82.99M","6.33%"
"Nov 09, 2017","313.70","313.15","318.00","308.20","21.85M","1.34%"
"Nov 08, 2017","309.55","318.00","319.30","306.65","20.24M","-2.41%"
"Nov 07, 2017","317.20","328.95","331.70","315.50","21.88M","-3.59%"
"Nov 06, 2017","329.00","323.60","330.00","321.45","17.14M","1.23%"
"Nov 03, 2017","325.00","315.45","327.50","312.60","26.90M","3.39%"
"Nov 02, 2017","314.35","320.00","323.15","313.55","23.11M","-1.72%"
"Nov 01, 2017","319.85","309.40","321.45","309.40","34.91M","4.59%"
"Oct 31, 2017","305.80","313.00","313.85","304.30","16.46M","-1.99%"
"Oct 30, 2017","312.00","312.00","322.35","310.60","28.53M","0.31%"
"Oct 27, 2017","311.05","320.25","323.60","310.10","27.58M","-2.95%"
"Oct 26, 2017","320.50","330.00","351.30","317.50","112.80M","-1.35%"
"Oct 25, 2017","324.90","279.85","328.05","279.85","262.68M","27.69%"
"Oct 24, 2017","254.45","246.00","255.30","245.95","17.20M","3.46%"
"Oct 23, 2017","245.95","244.00","247.00","242.30","8.90M","1.32%"
"Oct 19, 2017","242.75","243.80","245.25","241.15","3.46M","-0.41%"
"Oct 18, 2017","243.75","246.00","247.80","242.55","20.68M","-2.95%"
"Oct 17, 2017","251.15","252.05","254.70","250.65","13.51M","-0.36%"
"Oct 16, 2017","252.05","254.60","254.70","250.10","12.17M","-0.02%"
"Oct 13, 2017","252.10","251.10","255.35","250.20","15.70M","0.36%"
"Oct 12, 2017","251.20","252.00","252.95","248.50","13.40M","-0.22%"
"Oct 11, 2017","251.75","257.15","258.45","250.45","14.19M","-2.02%"
"Oct 10, 2017","256.95","256.85","258.20","255.70","9.74M","0.04%"
"Oct 09, 2017","256.85","256.80","258.60","254.25","8.01M","0.04%"
"Oct 06, 2017","256.75","252.15","257.90","252.10","11.93M","2.05%"
"Oct 05, 2017","251.60","253.70","254.10","249.20","13.48M","-0.63%"
"Oct 04, 2017","253.20","251.65","254.65","251.35","14.06M","0.76%"
"Oct 03, 2017","251.30","256.40","256.40","250.60","10.55M","-1.00%"
"Sep 29, 2017","253.85","254.70","255.50","253.05","10.07M","0.51%"
"Sep 28, 2017","252.55","250.25","253.55","249.50","17.78M","0.86%"
"Sep 27, 2017","250.40","259.90","259.90","249.50","17.08M","-3.04%"
"Sep 26, 2017","258.25","258.50","259.65","256.00","11.73M","-0.19%"
"Sep 25, 2017","258.75","261.50","261.80","254.40","13.94M","-1.18%"
"Sep 22, 2017","261.85","267.25","267.40","261.10","12.86M","-2.48%"
"Sep 21, 2017","268.50","269.75","271.40","267.35","8.51M","-0.57%"
"Sep 20, 2017","270.05","268.15","272.05","267.45","12.36M","0.84%"
"Sep 19, 2017","267.80","270.45","270.80","266.45","14.33M","-0.96%"
"Sep 18, 2017","270.40","273.00","274.00","269.45","17.54M","-0.41%"
"Sep 15, 2017","271.50","270.75","274.50","269.90","18.40M","-0.98%"
"Sep 14, 2017","274.20","273.40","275.60","272.30","8.02M","0.29%"
"Sep 13, 2017","273.40","274.95","276.60","272.50","10.15M","-0.02%"
"Sep 12, 2017","273.45","272.00","275.65","270.50","8.38M","0.92%"
"Sep 11, 2017","270.95","272.60","273.50","269.55","14.49M","-0.31%"
"Sep 08, 2017","271.80","274.90","275.40","271.10","7.08M","-0.88%"
"Sep 07, 2017","274.20","275.40","276.90","273.10","16.10M","-0.02%"
"Sep 06, 2017","274.25","275.95","276.65","273.65","7.31M","-0.83%"
"Sep 05, 2017","276.55","278.10","279.50","275.95","9.57M","-0.43%"
"Sep 04, 2017","277.75","278.95","279.60","276.40","7.17M","-0.04%"
"Sep 01, 2017","277.85","277.65","280.40","276.60","8.26M","0.04%"
"Aug 31, 2017","277.75","276.85","279.50","274.20","14.22M","0.42%"
"Aug 30, 2017","276.60","278.00","279.25","276.00","7.65M","-0.14%"
"Aug 29, 2017","277.00","278.45","280.85","276.05","10.34M","-0.84%"
"Aug 28, 2017","279.35","282.10","282.10","279.00","10.51M","-0.34%"
"Aug 24, 2017","280.30","279.70","281.45","277.50","14.14M","0.47%"
"Aug 23, 2017","279.00","274.75","279.70","274.20","11.32M","1.86%"
"Aug 22, 2017","273.90","276.00","277.00","271.20","11.81M","-0.27%"
"Aug 21, 2017","274.65","279.00","280.65","273.35","9.25M","-1.45%"
"Aug 18, 2017","278.70","278.00","279.65","276.00","12.65M","-0.77%"
"Aug 17, 2017","280.85","283.80","284.70","280.00","12.13M","-0.79%"
"Aug 16, 2017","283.10","279.05","283.90","274.20","21.07M","1.76%"
"Aug 14, 2017","278.20","281.45","282.40","276.50","23.77M","-0.70%"
"Aug 11, 2017","280.15","294.50","303.00","277.45","67.65M","-5.58%"
"Aug 10, 2017","296.70","301.20","302.40","292.00","14.52M","-1.85%"
"Aug 09, 2017","302.30","302.75","307.45","300.10","15.85M","-0.44%"
"Aug 08, 2017","303.65","311.00","311.80","301.20","13.58M","-2.43%"
"Aug 07, 2017","311.20","305.80","311.80","305.15","11.42M","1.95%"
"Aug 04, 2017","305.25","300.30","306.30","297.60","9.62M","1.56%"
"Aug 03, 2017","300.55","307.00","307.40","299.10","14.46M","-2.32%"
"Aug 02, 2017","307.70","310.00","311.80","305.30","17.01M","-0.42%"
"Aug 01, 2017","309.00","314.00","314.80","307.95","14.89M","-1.12%"
"Jul 31, 2017","312.50","299.40","313.85","298.00","41.55M","4.48%"
"Jul 28, 2017","299.10","297.00","300.75","295.60","15.77M","0.25%"
"Jul 27, 2017","298.35","297.00","299.85","296.20","22.29M","0.86%"
"Jul 26, 2017","295.80","296.25","299.65","295.25","12.53M","-0.10%"
"Jul 25, 2017","296.10","296.00","297.30","294.65","10.85M","0.53%"
"Jul 24, 2017","294.55","290.80","296.30","290.70","11.20M","1.34%"
"Jul 21, 2017","290.65","291.05","292.20","288.25","7.27M","-0.10%"
"Jul 20, 2017","290.95","293.00","294.25","290.05","6.26M","-0.80%"
"Jul 19, 2017","293.30","291.50","294.00","291.40","9.01M","0.79%"
"Jul 18, 2017","291.00","291.85","296.40","290.00","11.91M","-0.68%"
"Jul 17, 2017","293.00","292.80","294.10","289.65","10.55M","0.48%"
"Jul 14, 2017","291.60","288.80","293.60","287.25","13.75M","0.99%"
"Jul 13, 2017","288.75","288.90","290.00","286.55","8.43M","0.38%"
"Jul 12, 2017","287.65","284.70","288.40","283.20","7.52M","1.45%"
"Jul 11, 2017","283.55","287.50","289.70","283.00","12.40M","-0.70%"
"Jul 10, 2017","285.55","300.00","300.00","280.85","2.17M","1.95%"
"Jul 07, 2017","280.10","280.60","282.40","279.20","5.91M","-0.32%"
"Jul 06, 2017","281.00","275.05","282.70","274.60","16.12M","2.22%"
"Jul 05, 2017","274.90","273.90","275.60","272.35","10.05M","0.70%"
"Jul 04, 2017","273.00","275.00","276.45","272.05","7.86M","-0.67%"
"Jul 03, 2017","274.85","274.10","275.50","272.55","8.95M","0.44%"
"Jun 30, 2017","273.65","272.00","274.75","269.70","12.24M","0.44%"
"Jun 29, 2017","272.45","277.15","279.30","271.65","30.46M","-1.43%"
"Jun 28, 2017","276.40","277.60","278.45","273.75","17.24M","-1.16%"
"Jun 27, 2017","279.65","289.25","289.45","276.80","25.52M","-3.22%"
"Jun 23, 2017","288.95","294.75","295.55","287.80","20.65M","-1.88%"
"Jun 22, 2017","294.50","291.25","295.90","291.05","26.11M","1.24%"
"Jun 21, 2017","290.90","288.25","292.45","288.25","10.54M","0.28%"
"Jun 20, 2017","290.10","287.60","291.00","285.60","14.93M","0.43%"
"Jun 19, 2017","288.85","286.60","289.85","285.30","14.85M","1.01%"
"Jun 16, 2017","285.95","284.70","286.65","283.25","19.25M","0.69%"
"Jun 15, 2017","284.00","283.85","285.80","281.35","11.93M","-0.07%"
"Jun 14, 2017","284.20","285.90","286.30","282.60","11.57M","0.12%"
"Jun 13, 2017","283.85","285.40","287.00","283.00","9.17M","-0.39%"
"Jun 12, 2017","284.95","286.75","287.00","284.30","10.33M","-1.25%"
"Jun 09, 2017","288.55","288.30","289.40","285.80","10.80M","-0.02%"
"Jun 08, 2017","288.60","292.00","292.00","287.75","8.37M","-0.67%"
"Jun 07, 2017","290.55","288.20","291.50","287.20","10.86M","1.13%"
"Jun 06, 2017","287.30","292.00","292.95","286.60","12.35M","0.02%"
"Jun 05, 2017","287.25","288.05","289.75","286.75","7.92M","0.07%"
"Jun 02, 2017","287.05","289.90","290.50","286.35","12.00M","-0.14%"
"Jun 01, 2017","287.45","287.95","291.40","284.60","12.19M","-0.29%"
"May 31, 2017","288.30","289.00","291.50","287.20","10.70M","-0.19%"
"May 30, 2017","288.85","283.40","289.75","281.05","9.64M","1.71%"
"May 29, 2017","284.00","288.90","290.85","283.30","10.62M","-1.54%"
"May 26, 2017","288.45","290.50","291.00","285.30","12.30M","-0.57%"
"May 25, 2017","290.10","284.15","291.35","283.55","15.02M","2.45%"
"May 24, 2017","283.15","290.05","290.45","281.65","16.44M","-1.97%"
"May 23, 2017","288.85","295.00","295.90","287.25","19.85M","-1.85%"
"May 22, 2017","294.30","308.95","309.40","293.20","35.77M","-4.45%"
"May 19, 2017","308.00","304.45","315.30","302.00","55.25M","1.67%"
"May 18, 2017","302.95","304.85","307.90","302.00","15.47M","-1.53%"
"May 17, 2017","307.65","308.00","308.80","305.50","14.12M","0.05%"
"May 16, 2017","307.50","302.00","308.40","299.35","17.53M","2.02%"
"May 15, 2017","301.40","298.40","302.00","297.50","10.38M","1.17%"
"May 12, 2017","297.90","300.00","302.60","296.00","13.38M","-0.07%"
"May 11, 2017","298.10","295.90","299.40","294.45","11.93M","1.24%"
"May 10, 2017","294.45","297.00","298.15","293.00","8.70M","-0.69%"
"May 09, 2017","296.50","300.90","300.90","295.25","7.84M","-0.97%"
"May 08, 2017","299.40","296.10","300.75","293.90","11.56M","1.15%"
"May 05, 2017","296.00","301.00","304.90","292.15","34.76M","-1.02%"
"May 04, 2017","299.05","294.00","300.00","293.10","24.53M","3.19%"
"May 03, 2017","289.80","289.40","293.20","285.80","13.95M","0.52%"
"May 02, 2017","288.30","290.25","292.50","287.10","9.75M","-0.50%"
"Apr 28, 2017","289.75","283.00","290.75","282.50","14.15M","2.73%"
"Apr 27, 2017","282.05","286.45","287.95","281.05","22.62M","-1.54%"
"Apr 26, 2017","286.45","287.10","289.50","283.35","13.84M","0.14%"
"Apr 25, 2017","286.05","287.50","288.80","285.00","11.53M","0.00%"
"Apr 24, 2017","286.05","283.25","287.85","280.90","10.08M","1.36%"
"Apr 21, 2017","282.20","287.00","287.00","279.25","12.04M","-0.91%"
"Apr 20, 2017","284.80","283.90","286.90","282.20","14.51M","0.26%"
"Apr 19, 2017","284.05","291.55","291.75","282.90","18.15M","-2.15%"
"Apr 18, 2017","290.30","291.05","296.90","288.40","13.46M","0.14%"
"Apr 17, 2017","289.90","291.10","292.75","288.50","8.15M","-0.57%"
"Apr 13, 2017","291.55","290.25","293.10","290.00","9.94M","0.48%"
"Apr 12, 2017","290.15","294.00","295.45","289.10","13.25M","-1.48%"
"Apr 11, 2017","294.50","289.30","295.15","288.80","11.68M","1.78%"
"Apr 10, 2017","289.35","289.80","290.35","286.55","10.31M","-0.03%"
"Apr 07, 2017","289.45","291.70","294.80","287.65","10.77M","-1.16%"
"Apr 06, 2017","292.85","295.45","297.55","291.45","18.41M","-1.51%"
"Apr 05, 2017","297.35","293.30","298.75","289.65","21.94M","1.43%"
"Apr 03, 2017","293.15","294.80","295.70","292.20","10.51M","-0.09%"
"Mar 31, 2017","293.40","292.00","295.00","288.50","20.19M","0.81%"
"Mar 30, 2017","291.05","289.00","293.75","288.85","19.68M","0.90%"
"Mar 29, 2017","288.45","283.15","289.90","283.15","31.01M","2.25%"
"Mar 28, 2017","282.10","280.65","282.90","278.50","18.67M","0.95%"
"Mar 27, 2017","279.45","276.00","280.80","275.20","15.97M","1.07%"
"Mar 24, 2017","276.50","269.50","278.95","268.65","20.13M","2.98%"
"Mar 23, 2017","268.50","269.00","269.40","266.70","8.00M","0.37%"
"Mar 22, 2017","267.50","270.30","271.00","266.80","9.89M","-1.78%"
"Mar 21, 2017","272.35","274.40","277.05","270.15","11.90M","-0.57%"
"Mar 20, 2017","273.90","274.75","274.75","271.80","9.68M","-0.09%"
"Mar 17, 2017","274.15","279.45","279.50","273.50","14.27M","-1.84%"
"Mar 16, 2017","279.30","278.00","280.20","276.05","18.01M","0.70%"
"Mar 15, 2017","277.35","272.65","280.50","272.65","20.06M","0.98%"
"Mar 14, 2017","274.65","278.40","278.40","273.80","15.73M","0.96%"
"Mar 10, 2017","272.05","274.50","275.55","269.50","9.56M","-0.44%"
"Mar 09, 2017","273.25","269.00","273.90","268.40","15.59M","1.24%"
"Mar 08, 2017","269.90","267.80","270.30","266.00","9.12M","0.78%"
"Mar 07, 2017","267.80","270.80","270.90","266.40","11.60M","-0.76%"
"Mar 06, 2017","269.85","266.60","270.35","266.35","9.52M","1.81%"
"Mar 03, 2017","265.05","266.25","268.90","264.25","10.12M","-0.84%"
"Mar 02, 2017","267.30","273.00","274.70","266.50","14.22M","-1.64%"
"Mar 01, 2017","271.75","270.00","273.30","269.80","7.66M","0.95%"
"Feb 28, 2017","269.20","268.90","271.25","268.00","7.94M","0.35%"
"Feb 27, 2017","268.25","270.80","271.45","267.60","9.65M","-0.81%"
"Feb 23, 2017","270.45","271.70","273.00","269.60","13.15M","-0.68%"
"Feb 22, 2017","272.30","271.90","274.70","269.50","12.62M","0.59%"
"Feb 21, 2017","270.70","270.00","271.50","268.65","7.75M","0.39%"
"Feb 20, 2017","269.65","269.90","271.55","268.00","9.23M","0.11%"
"Feb 17, 2017","269.35","271.15","273.65","267.70","17.83M","-0.43%"
"Feb 16, 2017","270.50","277.00","277.00","269.65","21.79M","0.58%"
"Feb 15, 2017","268.95","270.95","272.50","267.05","12.20M","-0.46%"
"Feb 14, 2017","270.20","272.00","273.00","268.10","13.31M","-0.53%"
"Feb 13, 2017","271.65","277.80","278.25","270.20","19.85M","-1.70%"
"Feb 10, 2017","276.35","278.75","282.80","275.00","37.58M","0.18%"
"Feb 09, 2017","275.85","278.80","280.30","270.85","16.08M","-0.49%"
"Feb 08, 2017","277.20","278.10","279.25","272.60","13.62M","-0.25%"
"Feb 07, 2017","277.90","277.85","280.00","276.30","10.98M","0.31%"
"Feb 06, 2017","277.05","280.00","282.50","276.00","14.73M","-0.18%"
"Feb 03, 2017","277.55","273.00","278.55","272.00","15.37M","1.56%"
"Feb 02, 2017","273.30","271.85","275.00","268.70","20.14M","0.96%"
"Feb 01, 2017","270.70","262.00","271.90","261.60","27.25M","3.98%"
"Jan 31, 2017","260.35","261.15","263.85","259.65","8.90M","-1.36%"
"Jan 30, 2017","263.95","265.85","267.90","263.40","11.88M","-0.94%"
"Jan 27, 2017","266.45","260.30","268.20","259.50","18.04M","2.80%"
"Jan 25, 2017","259.20","255.55","261.00","254.20","16.34M","1.69%"
"Jan 24, 2017","254.90","255.10","257.00","254.00","13.54M","0.30%"
"Jan 23, 2017","254.15","251.00","255.20","250.10","9.34M","1.23%"
"Jan 20, 2017","251.05","258.50","260.50","250.30","15.34M","-2.84%"
"Jan 19, 2017","258.40","257.20","262.00","256.50","13.03M","0.02%"
"Jan 18, 2017","258.35","257.10","259.30","256.60","8.05M","0.92%"
"Jan 17, 2017","256.00","257.45","258.65","254.40","9.48M","0.10%"
"Jan 16, 2017","255.75","251.05","256.40","250.70","13.23M","1.93%"
"Jan 13, 2017","250.90","252.00","252.60","249.10","9.33M","-0.14%"
"Jan 12, 2017","251.25","252.90","254.45","250.55","11.28M","-0.36%"
"Jan 11, 2017","252.15","249.65","253.20","249.00","13.42M","1.55%"
"Jan 10, 2017","248.30","247.70","249.00","246.40","9.35M","0.51%"
"Jan 09, 2017","247.05","246.40","248.35","246.00","8.33M","0.47%"
"Jan 06, 2017","245.90","246.00","249.00","245.50","12.35M","0.22%"
"Jan 05, 2017","245.35","245.00","245.90","243.70","11.97M","1.01%"
"Jan 04, 2017","242.90","245.80","246.40","242.20","11.23M","-0.82%"
"Jan 03, 2017","244.90","244.00","246.40","241.10","15.96M","0.53%"
"Jan 02, 2017","243.60","252.50","253.65","242.60","25.99M","-2.64%"
"Dec 30, 2016","250.20","247.75","252.30","247.25","10.54M","1.03%"
"Dec 29, 2016","247.65","247.65","248.85","245.50","10.66M","-0.04%"
"Dec 28, 2016","247.75","249.25","252.50","247.15","11.75M","-0.40%"
"Dec 27, 2016","248.75","244.60","249.95","243.10","8.76M","1.86%"
"Dec 26, 2016","244.20","248.00","248.30","243.60","8.59M","-1.99%"
"Dec 23, 2016","249.15","249.75","251.80","247.80","10.56M","-0.26%"
"Dec 22, 2016","249.80","254.25","254.25","248.35","12.98M","-2.17%"
"Dec 21, 2016","255.35","256.10","258.00","254.10","8.78M","0.31%"
"Dec 20, 2016","254.55","261.85","262.90","253.25","12.77M","-2.60%"
"Dec 19, 2016","261.35","263.35","264.50","260.85","8.37M","-1.28%"
"Dec 16, 2016","264.75","266.35","266.35","263.05","11.02M","-0.24%"
"Dec 15, 2016","265.40","259.90","267.50","259.00","12.27M","0.95%"
"Dec 14, 2016","262.90","266.00","266.25","262.30","8.67M","-1.22%"
"Dec 13, 2016","266.15","264.90","266.75","261.55","9.08M","0.95%"
"Dec 12, 2016","263.65","268.90","269.35","262.30","14.30M","-1.13%"
"Dec 09, 2016","266.65","260.80","267.20","258.80","16.00M","2.60%"
"Dec 08, 2016","259.90","258.45","260.50","258.05","9.05M","1.68%"
"Dec 07, 2016","255.60","260.35","262.75","251.65","22.19M","-1.35%"
"Dec 06, 2016","259.10","258.50","260.15","256.35","10.05M","0.86%"
"Dec 05, 2016","256.90","254.40","257.80","253.20","8.41M","1.10%"
"Dec 02, 2016","254.10","253.95","261.40","253.00","21.14M","-0.61%"
"Dec 01, 2016","255.65","259.65","261.00","254.65","12.99M","-1.05%"
"Nov 30, 2016","258.35","254.00","260.15","252.70","16.50M","2.24%"
"Nov 29, 2016","252.70","254.25","256.50","252.00","12.66M","-0.34%"
"Nov 28, 2016","253.55","253.45","257.75","248.00","22.32M","-2.84%"
"Nov 25, 2016","260.95","263.50","264.50","258.35","19.30M","-0.31%"
"Nov 24, 2016","261.75","257.80","263.00","254.55","28.93M","1.20%"
"Nov 23, 2016","258.65","259.80","260.35","254.75","16.19M","0.51%"
"Nov 22, 2016","257.35","260.80","262.65","251.15","25.63M","0.00%"
"Nov 21, 2016","257.35","277.15","277.60","255.85","26.00M","-6.69%"
"Nov 18, 2016","275.80","278.15","280.00","274.85","13.39M","-0.59%"
"Nov 17, 2016","277.45","278.00","282.20","275.60","19.50M","0.09%"
"Nov 16, 2016","277.20","284.00","284.80","276.15","27.53M","-0.36%"
"Nov 15, 2016","278.20","275.15","283.45","270.70","48.66M","1.90%"
"Nov 11, 2016","273.00","278.75","288.80","270.50","57.94M","-2.95%"
"Nov 10, 2016","281.30","267.00","284.20","265.25","50.23M","8.19%"
"Nov 09, 2016","260.00","235.00","261.05","235.00","31.76M","2.91%"
"Nov 08, 2016","252.65","253.70","254.10","248.65","9.37M","-0.02%"
"Nov 07, 2016","252.70","248.00","253.90","245.50","11.22M","4.06%"
"Nov 04, 2016","242.85","246.25","247.40","240.30","12.66M","-1.14%"
"Nov 03, 2016","245.65","251.15","252.80","244.85","12.90M","-2.15%"
"Nov 02, 2016","251.05","254.10","256.00","250.55","13.72M","-3.05%"
"Nov 01, 2016","258.95","257.00","260.90","256.50","10.00M","0.52%"
"Oct 30, 2016","257.60","258.90","260.00","256.60","2.11M","-0.16%"
"Oct 28, 2016","258.00","255.90","258.80","254.00","11.43M","1.02%"
"Oct 27, 2016","255.40","258.00","258.10","254.30","10.94M","-1.29%"
"Oct 26, 2016","258.75","260.40","264.85","256.80","15.02M","-1.03%"
"Oct 25, 2016","261.45","264.00","264.55","260.75","9.08M","-0.57%"
"Oct 24, 2016","262.95","259.30","264.90","259.30","14.48M","1.72%"
"Oct 21, 2016","258.50","259.75","259.75","256.10","8.83M","-0.65%"
"Oct 20, 2016","260.20","255.70","260.90","255.30","14.18M","1.88%"
"Oct 19, 2016","255.40","258.00","258.00","254.85","9.55M","-0.58%"
"Oct 18, 2016","256.90","254.90","257.70","253.80","20.22M","1.46%"
"Oct 17, 2016","253.20","253.75","256.45","252.00","16.87M","0.44%"
"Oct 14, 2016","252.10","251.00","253.55","249.10","12.13M","0.98%"
"Oct 13, 2016","249.65","254.95","255.35","245.85","18.05M","-2.71%"
"Oct 10, 2016","256.60","259.35","260.30","256.05","9.40M","-0.81%"
"Oct 07, 2016","258.70","257.25","259.90","255.25","11.93M","0.74%"
"Oct 06, 2016","256.80","261.35","262.00","255.65","11.08M","-1.55%"
"Oct 05, 2016","260.85","262.00","264.90","259.55","20.87M","0.42%"
"Oct 04, 2016","259.75","255.80","262.00","253.80","21.53M","1.74%"
"Oct 03, 2016","255.30","253.00","256.65","252.65","9.31M","1.61%"
"Sep 30, 2016","251.25","246.85","252.50","245.80","14.83M","1.62%"
"Sep 29, 2016","247.25","255.00","256.75","243.50","27.87M","-2.56%"
"Sep 28, 2016","253.75","250.00","255.80","248.05","17.28M","1.91%"
"Sep 27, 2016","249.00","253.15","253.90","248.30","11.35M","-1.05%"
"Sep 26, 2016","251.65","253.95","254.45","250.65","8.80M","-1.14%"
"Sep 23, 2016","254.55","258.80","258.80","253.80","12.73M","-1.30%"
"Sep 22, 2016","257.90","257.90","258.45","255.10","20.80M","2.69%"
"Sep 21, 2016","251.15","254.50","256.25","250.65","12.82M","-1.30%"
"Sep 20, 2016","254.45","256.40","256.40","253.65","9.91M","-0.47%"
"Sep 19, 2016","255.65","256.00","258.30","255.20","11.43M","0.53%"
"Sep 16, 2016","254.30","257.95","262.00","253.40","18.01M","-0.66%"
"Sep 15, 2016","256.00","258.35","258.35","254.20","7.78M","-0.60%"
"Sep 14, 2016","257.55","255.00","258.00","253.00","12.75M","1.90%"
"Sep 12, 2016","252.75","257.50","258.75","251.80","18.99M","-4.30%"
"Sep 09, 2016","264.10","268.40","268.40","263.35","11.46M","-1.58%"
"Sep 08, 2016","268.35","268.00","271.60","266.90","14.34M","0.58%"
"Sep 07, 2016","266.80","262.90","270.30","260.40","30.86M","2.58%"
"Sep 06, 2016","260.10","257.20","261.50","256.00","16.62M","2.16%"
"Sep 02, 2016","254.60","252.00","255.20","251.65","11.38M","1.03%"
"Sep 01, 2016","252.00","251.95","254.85","251.15","12.18M","-0.20%"
"Aug 31, 2016","252.50","253.25","255.80","251.20","15.60M","0.10%"
"Aug 30, 2016","252.25","250.15","252.90","249.80","15.32M","1.28%"
"Aug 29, 2016","249.05","245.85","249.85","244.25","11.79M","0.99%"
"Aug 26, 2016","246.60","250.30","250.70","245.85","16.53M","-1.42%"
"Aug 25, 2016","250.15","254.90","255.55","248.60","21.23M","-1.67%"
"Aug 24, 2016","254.40","254.95","256.20","253.50","11.56M","-0.14%"
"Aug 23, 2016","254.75","254.90","255.80","251.00","17.58M","-0.02%"
"Aug 22, 2016","254.80","259.80","260.40","254.00","19.77M","-1.43%"
"Aug 19, 2016","258.50","255.00","260.00","253.50","39.82M","4.07%"
"Aug 18, 2016","248.40","246.90","250.40","246.55","14.31M","0.87%"
"Aug 17, 2016","246.25","246.45","249.80","244.30","18.29M","-0.20%"
"Aug 16, 2016","246.75","245.25","247.90","242.65","27.71M","1.42%"
"Aug 12, 2016","243.30","227.00","247.95","224.40","86.62M","7.11%"
"Aug 11, 2016","227.15","231.50","231.60","226.10","16.67M","-1.88%"
"Aug 10, 2016","231.50","236.75","236.90","231.05","16.28M","-1.55%"
"Aug 09, 2016","235.15","234.25","238.00","232.65","19.85M","0.81%"
"Aug 08, 2016","233.25","233.95","235.90","231.70","16.97M","0.21%"
"Aug 05, 2016","232.75","227.35","233.90","226.90","21.26M","3.15%"
"Aug 04, 2016","225.65","228.45","228.70","223.20","17.81M","-0.44%"
"Aug 03, 2016","226.65","228.50","230.50","225.80","14.84M","-0.61%"
"Aug 02, 2016","228.05","229.30","230.90","227.30","16.15M","0.33%"
"Aug 01, 2016","227.30","230.80","232.65","225.30","16.07M","-0.92%"
"Jul 29, 2016","229.40","230.00","232.70","228.40","15.58M","-0.69%"
"Jul 28, 2016","231.00","230.15","235.15","229.30","26.84M","0.76%"
"Jul 27, 2016","229.25","227.75","231.00","226.80","17.63M","1.12%"
"Jul 26, 2016","226.70","230.00","232.20","225.90","14.16M","-1.39%"
"Jul 25, 2016","229.90","223.00","231.00","222.70","18.43M","2.86%"
"Jul 22, 2016","223.50","225.40","225.90","222.10","12.34M","-0.95%"
"Jul 21, 2016","225.65","231.65","232.10","224.40","13.31M","-2.38%"
"Jul 20, 2016","231.15","230.65","232.75","229.20","18.05M","0.68%"
"Jul 19, 2016","229.60","230.00","232.15","227.00","19.77M","0.37%"
"Jul 18, 2016","228.75","232.40","233.85","228.20","11.82M","-1.19%"
"Jul 15, 2016","231.50","232.90","234.40","230.80","15.07M","-0.22%"
"Jul 14, 2016","232.00","227.00","232.85","226.00","21.21M","1.89%"
"Jul 13, 2016","227.70","227.00","228.50","223.95","18.38M","0.44%"
"Jul 12, 2016","226.70","225.00","227.20","224.15","19.37M","0.89%"
"Jul 11, 2016","224.70","223.60","225.45","222.00","15.83M","2.93%"
"Jul 08, 2016","218.30","220.15","220.85","216.50","16.02M","-0.80%"
"Jul 07, 2016","220.05","223.90","224.60","219.35","12.92M","-1.54%"
"Jul 05, 2016","223.50","223.25","225.15","221.55","15.36M","0.22%"
"Jul 04, 2016","223.00","222.35","224.35","222.00","16.53M","1.55%"
"Jul 01, 2016","219.60","220.80","221.00","218.90","15.35M","0.37%"
"Jun 30, 2016","218.80","220.00","221.90","217.90","30.60M","0.74%"
"Jun 29, 2016","217.20","217.90","218.80","216.10","18.02M","0.60%"
"Jun 28, 2016","215.90","216.75","218.65","215.40","21.78M","-0.58%"
"Jun 27, 2016","217.15","210.80","218.85","210.55","29.02M","2.79%"
"Jun 24, 2016","211.25","205.90","212.35","202.50","47.22M","-2.90%"
"Jun 23, 2016","217.55","213.00","218.00","212.75","20.67M","2.18%"
"Jun 22, 2016","212.90","214.00","215.25","211.45","16.40M","-0.51%"
"Jun 21, 2016","214.00","215.00","217.50","213.15","18.96M","-0.88%"
"Jun 20, 2016","215.90","208.00","216.70","207.90","32.63M","1.15%"
"Jun 17, 2016","213.45","216.75","217.50","211.60","26.49M","-1.18%"
"Jun 16, 2016","216.00","216.00","218.50","213.05","48.12M","-0.02%"
"Jun 15, 2016","216.05","209.75","217.55","208.55","48.36M","4.02%"
"Jun 14, 2016","207.70","204.35","208.60","203.80","23.92M","2.92%"
"Jun 13, 2016","201.80","201.50","202.60","200.20","21.19M","-2.02%"
"Jun 10, 2016","205.95","209.35","211.50","205.30","25.60M","-1.91%"
"Jun 09, 2016","209.95","210.00","212.80","208.30","27.86M","-0.36%"
"Jun 08, 2016","210.70","210.15","211.90","207.55","35.16M","0.26%"
"Jun 07, 2016","210.15","200.45","211.15","200.15","66.06M","5.66%"
"Jun 06, 2016","198.90","197.45","202.60","197.10","23.62M","1.17%"
"Jun 03, 2016","196.60","201.00","202.15","195.40","24.57M","-1.97%"
"Jun 02, 2016","200.55","197.85","202.30","195.55","23.50M","1.16%"
"Jun 01, 2016","198.25","205.95","208.30","196.60","41.87M","-3.27%"
"May 31, 2016","204.95","198.80","205.70","196.20","39.46M","3.07%"
"May 30, 2016","198.85","200.20","203.90","194.60","46.08M","1.51%"
"May 27, 2016","195.90","184.00","202.40","181.50","85.59M","6.38%"
"May 26, 2016","184.15","175.10","185.50","173.50","30.70M","5.17%"
"May 25, 2016","175.10","171.50","175.80","171.45","18.90M","3.30%"
"May 24, 2016","169.50","168.80","170.40","166.40","14.82M","0.65%"
"May 23, 2016","168.40","172.30","172.70","168.20","16.19M","-1.72%"
"May 20, 2016","171.35","173.50","174.70","170.55","16.72M","-0.78%"
"May 19, 2016","172.70","181.00","181.00","171.90","25.48M","-4.03%"
"May 18, 2016","179.95","176.90","180.45","173.55","25.35M","1.75%"
"May 17, 2016","176.85","178.50","178.60","175.25","22.18M","0.03%"
"May 16, 2016","176.80","185.00","185.00","175.15","30.94M","-4.35%"
"May 13, 2016","184.85","187.95","187.95","184.30","15.55M","-1.94%"
"May 12, 2016","188.50","187.10","189.50","185.40","17.40M","1.89%"
"May 11, 2016","185.00","185.40","188.50","184.10","18.13M","-2.37%"
"May 10, 2016","189.50","187.60","190.30","186.70","13.85M","0.42%"
"May 09, 2016","188.70","186.50","189.40","185.05","13.86M","2.36%"
"May 06, 2016","184.35","180.95","184.95","180.10","18.34M","2.22%"
"May 05, 2016","180.35","180.25","182.70","178.50","17.74M","0.22%"
"May 04, 2016","179.95","183.50","184.40","179.15","17.83M","-2.23%"
"May 03, 2016","184.05","187.00","189.35","183.65","16.25M","-1.05%"
"May 02, 2016","186.00","187.60","188.45","185.50","14.47M","-1.59%"
"Apr 29, 2016","189.00","191.90","194.00","186.45","21.02M","-1.59%"
"Apr 28, 2016","192.05","196.75","198.20","191.20","24.56M","-2.09%"
"Apr 27, 2016","196.15","200.90","200.90","195.50","22.80M","-2.39%"
"Apr 26, 2016","200.95","195.95","201.40","194.55","21.81M","1.98%"
"Apr 25, 2016","197.05","200.95","202.55","195.80","23.84M","-1.55%"
"Apr 22, 2016","200.15","193.60","201.50","191.55","34.05M","2.98%"
"Apr 21, 2016","194.35","190.50","197.40","190.00","31.01M","3.76%"
"Apr 20, 2016","187.30","188.35","188.65","184.10","20.16M","0.29%"
"Apr 18, 2016","186.75","191.45","191.50","185.60","13.99M","-2.68%"
"Apr 13, 2016","191.90","191.55","193.80","190.80","17.57M","2.18%"
"Apr 12, 2016","187.80","188.50","190.25","186.30","14.56M","-0.24%"
"Apr 11, 2016","188.25","183.85","188.90","182.00","18.99M","2.81%"
"Apr 08, 2016","183.10","181.65","183.95","180.20","15.81M","0.63%"
"Apr 07, 2016","181.95","183.80","185.65","181.00","19.43M","-1.03%"
"Apr 06, 2016","183.85","185.00","185.50","182.20","16.35M","-0.27%"
"Apr 05, 2016","184.35","193.90","194.55","183.30","36.64M","-5.32%"
"Apr 04, 2016","194.70","197.30","197.45","192.55","15.73M","-0.49%"
"Apr 01, 2016","195.65","193.70","197.25","192.00","21.75M","0.72%"
"Mar 31, 2016","194.25","197.85","198.75","192.35","30.13M","-1.67%"
"Mar 30, 2016","197.55","192.25","198.30","190.50","20.71M","4.25%"
"Mar 29, 2016","189.50","188.50","191.25","186.65","16.80M","0.64%"
"Mar 28, 2016","188.30","195.80","198.25","187.65","19.76M","-4.22%"
"Mar 23, 2016","196.60","196.90","197.60","195.30","13.36M","-0.46%"
"Mar 22, 2016","197.50","196.80","198.25","194.50","16.73M","0.36%"
"Mar 21, 2016","196.80","193.00","197.30","193.00","20.68M","2.90%"
"Mar 18, 2016","191.25","186.85","192.00","186.00","21.14M","2.63%"
"Mar 17, 2016","186.35","188.00","189.30","185.00","21.56M","0.62%"
"Mar 16, 2016","185.20","185.00","185.90","181.60","19.24M","-0.05%"
"Mar 15, 2016","185.30","181.65","186.20","181.65","22.37M","1.95%"
"Mar 14, 2016","181.75","182.45","183.40","180.70","14.37M","0.92%"
"Mar 11, 2016","180.10","180.00","182.65","177.55","21.87M","-0.22%"
"Mar 10, 2016","180.50","184.75","184.75","179.40","20.47M","-1.58%"
"Mar 09, 2016","183.40","180.00","184.00","178.70","29.45M","0.03%"
"Mar 08, 2016","183.35","186.95","186.95","181.40","27.93M","-2.68%"
"Mar 04, 2016","188.40","183.40","189.85","178.50","38.86M","3.09%"
"Mar 03, 2016","182.75","184.00","184.60","178.50","33.51M","0.88%"
"Mar 02, 2016","181.15","172.50","183.20","172.50","53.33M","11.79%"
"Mar 01, 2016","162.05","160.50","162.90","158.55","23.59M","2.08%"
"Feb 29, 2016","158.75","158.20","163.90","153.00","66.98M","1.83%"
"Feb 26, 2016","155.90","155.50","158.70","152.55","30.05M","2.70%"
"Feb 25, 2016","151.80","157.60","158.10","151.00","22.71M","-2.88%"
"Feb 24, 2016","156.30","156.00","160.70","155.30","19.44M","-1.39%"
"Feb 23, 2016","158.50","165.00","165.00","158.00","20.20M","-3.91%"
"Feb 22, 2016","164.95","165.95","166.80","163.70","15.82M","0.15%"
"Feb 19, 2016","164.70","157.90","165.30","157.10","24.59M","3.07%"
"Feb 18, 2016","159.80","161.95","163.70","156.40","21.02M","0.53%"
"Feb 17, 2016","158.95","155.00","159.85","151.25","32.45M","1.63%"
"Feb 16, 2016","156.40","170.75","170.75","155.65","33.82M","-6.82%"
"Feb 15, 2016","167.85","159.00","170.00","158.00","35.96M","8.43%"
"Feb 12, 2016","154.80","156.15","157.65","148.25","41.19M","0.36%"
"Feb 11, 2016","154.25","159.50","167.50","152.20","72.75M","-2.99%"
"Feb 10, 2016","159.00","165.00","166.20","158.00","32.29M","-4.82%"
"Feb 09, 2016","167.05","168.00","172.40","166.10","19.01M","-2.96%"
"Feb 08, 2016","172.15","169.45","176.90","168.55","22.29M","2.35%"
"Feb 05, 2016","168.20","163.70","169.30","162.20","22.73M","3.29%"
"Feb 04, 2016","162.85","169.30","169.80","160.20","23.81M","-1.93%"
"Feb 03, 2016","166.05","167.80","167.80","163.25","24.13M","-1.98%"
"Feb 02, 2016","169.40","173.10","177.40","168.60","35.96M","-1.94%"
"Feb 01, 2016","172.75","181.95","181.95","172.10","22.92M","-3.97%"
"Jan 29, 2016","179.90","184.20","185.75","178.10","24.26M","-2.89%"
"Jan 28, 2016","185.25","184.20","185.90","182.50","20.24M","0.46%"
"Jan 27, 2016","184.40","184.40","186.20","181.05","16.57M","0.79%"
"Jan 25, 2016","182.95","187.90","188.80","182.50","17.53M","-0.89%"
"Jan 22, 2016","184.60","179.90","185.40","178.30","21.43M","5.13%"
"Jan 21, 2016","175.60","177.00","178.65","172.05","28.70M","1.12%"
"Jan 20, 2016","173.65","180.65","180.65","171.50","28.66M","-5.08%"
"Jan 19, 2016","182.95","182.15","187.80","181.50","24.50M","1.08%"
"Jan 18, 2016","181.00","184.90","188.15","179.15","35.65M","-1.79%"
"Jan 15, 2016","184.30","197.80","197.80","181.00","29.09M","-5.99%"
"Jan 14, 2016","196.05","197.00","201.50","194.30","20.26M","-2.41%"
"Jan 13, 2016","200.90","201.35","202.40","194.00","23.79M","0.75%"
"Jan 12, 2016","199.40","204.85","205.00","198.60","20.32M","-2.40%"
"Jan 11, 2016","204.30","206.80","207.50","202.65","19.29M","-2.23%"
"Jan 08, 2016","208.95","212.00","212.50","208.60","11.75M","-0.29%"
"Jan 07, 2016","209.55","214.00","214.10","209.00","14.34M","-3.37%"
"Jan 06, 2016","216.85","217.90","219.90","216.40","11.92M","-0.41%"
"Jan 05, 2016","217.75","222.80","222.80","217.00","15.07M","-1.34%"
"Jan 04, 2016","220.70","226.95","226.95","220.05","14.09M","-3.12%"
"Jan 01, 2016","227.80","225.00","228.90","224.50","6.45M","1.49%"
"Dec 31, 2015","224.45","225.95","226.55","224.00","11.56M","-0.60%"
"Dec 30, 2015","225.80","229.00","229.70","224.85","11.70M","-1.05%"
"Dec 29, 2015","228.20","228.85","229.95","227.50","7.26M","-0.31%"
"Dec 28, 2015","228.90","229.05","229.95","228.00","8.76M","0.26%"
"Dec 24, 2015","228.30","230.85","231.00","227.60","7.26M","-0.59%"
"Dec 23, 2015","229.65","230.25","231.00","228.90","7.91M","0.57%"
"Dec 22, 2015","228.35","231.65","232.25","227.50","9.16M","-0.91%"
"Dec 21, 2015","230.45","226.90","231.00","226.50","9.56M","1.74%"
"Dec 18, 2015","226.50","229.95","232.35","225.80","18.87M","-1.91%"
"Dec 17, 2015","230.90","230.00","232.40","228.50","14.54M","1.58%"
"Dec 16, 2015","227.30","227.75","229.60","225.25","13.03M","0.40%"
"Dec 15, 2015","226.40","227.00","227.15","224.00","10.40M","0.20%"
"Dec 14, 2015","225.95","224.90","227.70","224.00","12.46M","-0.59%"
"Dec 11, 2015","227.30","232.90","233.90","225.10","12.87M","-2.00%"
"Dec 10, 2015","231.95","236.00","236.75","230.60","11.71M","-1.05%"
"Dec 09, 2015","234.40","235.40","238.20","233.60","7.41M","-0.66%"
"Dec 08, 2015","235.95","238.10","239.95","235.30","8.25M","-1.13%"
"Dec 07, 2015","238.65","242.95","242.95","238.00","7.53M","-1.02%"
"Dec 04, 2015","241.10","240.00","242.15","238.05","11.12M","0.00%"
"Dec 03, 2015","241.10","244.15","244.50","240.40","7.16M","-1.43%"
"Dec 02, 2015","244.60","250.55","250.65","243.75","10.88M","-2.24%"
"Dec 01, 2015","250.20","250.85","251.90","249.30","9.50M","0.00%"
"Nov 30, 2015","250.20","249.65","253.00","245.00","12.87M","0.20%"
"Nov 27, 2015","249.70","243.00","250.50","242.80","15.15M","2.97%"
"Nov 26, 2015","242.50","241.95","244.90","241.00","13.63M","0.46%"
"Nov 24, 2015","241.40","242.50","244.00","240.60","6.65M","-0.54%"
"Nov 23, 2015","242.70","243.90","245.25","240.55","10.55M","-0.10%"
"Nov 20, 2015","242.95","243.95","249.90","242.00","13.72M","-0.39%"
"Nov 19, 2015","243.90","243.05","245.00","241.40","7.33M","1.20%"
"Nov 18, 2015","241.00","247.60","248.70","239.45","10.40M","-2.76%"
"Nov 17, 2015","247.85","250.00","251.65","246.70","11.27M","-0.18%"
"Nov 16, 2015","248.30","239.50","249.35","239.10","14.05M","3.35%"
"Nov 13, 2015","240.25","241.50","241.80","237.70","9.08M","-1.19%"
"Nov 11, 2015","243.15","243.00","244.25","242.55","2.06M","0.81%"
"Nov 10, 2015","241.20","244.90","247.25","240.10","11.77M","-1.99%"
"Nov 09, 2015","246.10","236.00","248.30","235.60","22.81M","1.28%"
"Nov 06, 2015","243.00","235.60","244.80","233.00","30.82M","3.89%"
"Nov 05, 2015","233.90","238.00","239.00","233.10","8.91M","-2.13%"
"Nov 04, 2015","239.00","239.20","240.50","237.00","8.42M","1.29%"
"Nov 03, 2015","235.95","239.35","239.70","235.00","8.32M","-0.40%"
"Nov 02, 2015","236.90","238.00","238.00","232.70","7.61M","-0.06%"
"Oct 30, 2015","237.05","238.70","240.40","235.10","8.67M","0.04%"
"Oct 29, 2015","236.95","241.50","241.80","236.45","16.11M","-2.11%"
"Oct 28, 2015","242.05","248.00","249.45","241.20","12.31M","-2.71%"
"Oct 27, 2015","248.80","250.10","252.20","248.10","6.57M","-0.98%"
"Oct 26, 2015","251.25","254.75","256.00","250.35","13.09M","-0.85%"
"Oct 23, 2015","253.40","253.00","254.85","252.00","7.54M","1.44%"
"Oct 21, 2015","249.80","254.00","255.90","248.55","8.61M","-1.98%"
"Oct 20, 2015","254.85","254.50","257.10","253.20","8.81M","0.14%"
"Oct 19, 2015","254.50","256.65","257.10","253.50","8.97M","-0.14%"
"Oct 16, 2015","254.85","249.85","257.15","248.35","11.74M","2.37%"
"Oct 15, 2015","248.95","246.00","249.90","245.50","11.58M","1.92%"
"Oct 14, 2015","244.25","243.70","246.80","243.20","7.90M","0.18%"
"Oct 13, 2015","243.80","244.00","247.50","242.05","10.20M","-0.31%"
"Oct 12, 2015","244.55","244.10","245.65","241.30","7.57M","0.45%"
"Oct 09, 2015","243.45","245.50","247.80","240.65","12.17M","0.06%"
"Oct 08, 2015","243.30","242.45","245.20","241.10","9.23M","-0.10%"
"Oct 07, 2015","243.55","240.15","244.25","239.05","10.61M","1.44%"
"Oct 06, 2015","240.10","242.70","242.80","237.70","10.09M","0.04%"
"Oct 05, 2015","240.00","238.10","241.35","237.25","18.31M","2.06%"
"Oct 01, 2015","235.15","241.20","241.90","234.40","11.59M","-0.84%"
"Sep 30, 2015","237.15","244.85","245.40","235.70","17.01M","-1.96%"
"Sep 29, 2015","241.90","236.00","245.40","232.20","24.49M","1.02%"
"Sep 28, 2015","239.45","241.00","243.65","238.65","8.59M","0.17%"
"Sep 24, 2015","239.05","239.45","241.45","238.05","9.30M","-0.33%"
"Sep 23, 2015","239.85","235.00","241.90","233.60","13.61M","0.80%"
"Sep 22, 2015","237.95","247.95","248.45","236.25","13.67M","-2.98%"
"Sep 21, 2015","245.25","239.55","246.00","237.25","9.60M","1.34%"
"Sep 18, 2015","242.00","240.00","246.45","239.50","16.05M","2.20%"
"Sep 16, 2015","236.80","236.40","237.75","235.00","11.27M","1.20%"
"Sep 15, 2015","234.00","235.20","238.45","232.65","13.19M","-0.53%"
"Sep 14, 2015","235.25","231.55","236.00","230.00","10.67M","2.24%"
"Sep 11, 2015","230.10","230.90","233.30","228.00","13.65M","1.17%"
"Sep 10, 2015","227.45","227.35","229.80","224.10","14.20M","-1.81%"
"Sep 09, 2015","231.65","233.95","234.50","229.10","18.24M","1.45%"
"Sep 08, 2015","228.35","223.00","230.25","221.15","16.19M","3.28%"
"Sep 07, 2015","221.10","227.10","227.50","220.15","15.42M","-1.80%"
"Sep 04, 2015","225.15","231.90","231.90","224.00","20.47M","-3.06%"
"Sep 03, 2015","232.25","232.65","235.40","231.00","14.68M","0.74%"
"Sep 02, 2015","230.55","242.65","243.00","230.10","23.66M","-3.58%"
"Sep 01, 2015","239.10","244.85","244.85","237.70","19.69M","-3.34%"
"Aug 31, 2015","247.35","249.00","251.35","245.00","21.65M","-0.64%"
"Aug 28, 2015","248.95","254.50","255.90","247.45","16.64M","-0.20%"
"Aug 27, 2015","249.45","251.15","252.00","248.10","21.08M","1.53%"
"Aug 26, 2015","245.70","252.50","253.30","245.00","16.33M","-3.02%"
"Aug 25, 2015","253.35","250.00","254.80","240.00","23.49M","3.24%"
"Aug 24, 2015","245.40","254.70","257.70","242.40","29.56M","-8.26%"
"Aug 21, 2015","267.50","261.50","268.90","256.20","19.03M","-1.13%"
"Aug 20, 2015","270.55","277.65","281.65","268.00","14.58M","-2.68%"
"Aug 19, 2015","278.00","283.90","285.95","275.55","15.45M","-2.39%"
"Aug 18, 2015","284.80","280.80","288.00","275.55","27.73M","1.81%"
"Aug 17, 2015","279.75","272.00","281.90","270.80","27.50M","4.19%"
"Aug 14, 2015","268.50","261.90","269.40","259.25","14.85M","3.55%"
"Aug 13, 2015","259.30","259.75","262.85","258.15","16.36M","1.15%"
"Aug 12, 2015","256.35","267.45","267.45","255.05","29.72M","-4.63%"
"Aug 11, 2015","268.80","285.80","289.45","267.50","39.23M","-4.93%"
"Aug 10, 2015","282.75","282.05","286.00","280.10","14.69M","0.52%"
"Aug 07, 2015","281.30","288.50","288.50","280.20","13.85M","-2.68%"
"Aug 06, 2015","289.05","285.60","290.80","282.00","15.37M","1.28%"
"Aug 05, 2015","285.40","289.10","291.80","284.25","10.17M","-1.11%"
"Aug 04, 2015","288.60","282.50","289.95","276.40","28.86M","2.69%"
"Aug 03, 2015","281.05","270.00","283.00","269.90","21.90M","4.07%"
"Jul 31, 2015","270.05","258.00","273.75","257.55","20.53M","5.16%"
"Jul 30, 2015","256.80","253.60","259.50","253.60","10.54M","1.26%"
"Jul 29, 2015","253.60","260.00","260.70","252.30","10.00M","-2.16%"
"Jul 28, 2015","259.20","260.25","263.90","258.35","10.79M","0.29%"
"Jul 27, 2015","258.45","263.20","263.40","258.05","6.79M","-1.82%"
"Jul 24, 2015","263.25","268.70","270.35","262.10","7.80M","-2.52%"
"Jul 23, 2015","270.05","268.50","272.00","267.25","6.38M","0.56%"
"Jul 22, 2015","268.55","263.70","269.40","261.90","11.32M","1.61%"
"Jul 21, 2015","264.30","267.00","269.80","263.50","5.64M","-1.18%"
"Jul 20, 2015","267.45","272.00","272.00","266.15","6.42M","-1.35%"
"Jul 17, 2015","271.10","272.40","274.00","270.50","5.57M","-0.40%"
"Jul 16, 2015","272.20","269.75","272.75","268.10","8.35M","1.55%"
"Jul 15, 2015","268.05","268.75","271.70","267.15","7.48M","-0.06%"
"Jul 14, 2015","268.20","273.60","273.60","267.15","10.34M","-2.01%"
"Jul 13, 2015","273.70","272.00","274.35","267.90","8.42M","1.16%"
"Jul 10, 2015","270.55","270.25","271.00","266.25","8.79M","1.05%"
"Jul 09, 2015","267.75","267.00","271.30","267.00","6.47M","0.15%"
"Jul 08, 2015","267.35","269.90","271.00","265.60","12.67M","-2.03%"
"Jul 07, 2015","272.90","270.40","274.65","270.00","12.52M","0.78%"
"Jul 06, 2015","270.80","263.20","271.50","262.00","9.46M","0.52%"
"Jul 03, 2015","269.40","267.35","270.00","266.80","7.24M","0.58%"
"Jul 02, 2015","267.85","267.90","271.25","266.10","8.74M","0.04%"
"Jul 01, 2015","267.75","263.10","269.50","262.55","12.07M","1.90%"
"Jun 30, 2015","262.75","259.25","263.35","257.60","14.18M","1.19%"
"Jun 29, 2015","259.65","258.75","260.80","255.00","15.04M","-2.09%"
"Jun 26, 2015","265.20","264.10","266.90","261.05","14.59M","0.15%"
"Jun 25, 2015","264.80","261.25","266.00","259.05","16.51M","0.93%"
"Jun 24, 2015","262.35","267.70","267.90","260.50","8.36M","-2.02%"
"Jun 23, 2015","267.75","269.40","271.20","266.25","16.18M","0.66%"
"Jun 22, 2015","266.00","260.90","267.40","260.80","11.05M","2.25%"
"Jun 19, 2015","260.15","259.90","263.10","258.15","12.22M","0.79%"
"Jun 18, 2015","258.10","256.45","260.70","255.20","11.60M","1.18%"
"Jun 17, 2015","255.10","256.00","256.90","253.50","11.24M","0.20%"
"Jun 16, 2015","254.60","250.25","255.75","249.00","9.90M","1.74%"
"Jun 15, 2015","250.25","255.00","255.60","248.85","13.55M","-1.46%"
"Jun 12, 2015","253.95","254.05","255.50","251.80","11.44M","-0.02%"
"Jun 11, 2015","254.00","262.25","262.95","252.65","20.86M","-2.53%"
"Jun 10, 2015","260.60","259.00","262.55","258.50","10.91M","1.16%"
"Jun 09, 2015","257.60","255.00","258.30","254.00","15.28M","1.04%"
"Jun 08, 2015","254.95","258.75","258.75","252.55","17.38M","-1.11%"
"Jun 05, 2015","257.80","257.00","262.00","255.60","13.54M","0.08%"
"Jun 04, 2015","257.60","259.90","261.40","253.75","20.21M","0.08%"
"Jun 03, 2015","257.40","267.00","267.30","255.05","25.97M","-3.32%"
"Jun 02, 2015","266.25","278.80","279.45","265.35","21.65M","-4.30%"
"Jun 01, 2015","278.20","278.65","282.00","277.55","11.57M","0.02%"
"May 29, 2015","278.15","278.65","281.65","277.10","14.81M","0.20%"
"May 28, 2015","277.60","279.80","279.80","276.10","13.02M","-1.12%"
"May 27, 2015","280.75","277.00","281.60","274.20","12.18M","1.30%"
"May 26, 2015","277.15","279.00","280.80","276.00","9.68M","-0.18%"
"May 25, 2015","277.65","280.20","284.30","276.15","20.36M","-1.70%"
"May 22, 2015","282.45","293.00","305.00","280.75","69.49M","-2.69%"
"May 21, 2015","290.25","294.00","294.75","288.45","12.12M","-0.80%"
"May 20, 2015","292.60","289.50","294.80","289.25","11.81M","1.44%"
"May 19, 2015","288.45","289.20","291.35","286.20","14.54M","-0.45%"
"May 18, 2015","289.75","289.90","290.00","285.40","13.27M","0.80%"
"May 15, 2015","287.45","282.00","288.35","282.00","18.25M","2.31%"
"May 14, 2015","280.95","274.00","281.90","272.95","13.10M","2.42%"
"May 13, 2015","274.30","269.90","275.00","268.05","9.25M","2.58%"
"May 12, 2015","267.40","275.30","275.40","266.35","12.79M","-3.13%"
"May 11, 2015","276.05","263.40","277.20","262.60","17.20M","5.38%"
"May 08, 2015","261.95","264.00","268.00","260.30","14.04M","0.38%"
"May 07, 2015","260.95","264.00","267.25","259.65","15.96M","-1.68%"
"May 06, 2015","265.40","271.45","273.60","263.25","16.34M","-2.44%"
"May 05, 2015","272.05","277.00","277.00","271.35","7.10M","-1.84%"
"May 04, 2015","277.15","274.00","278.00","271.65","8.01M","2.74%"
"Apr 30, 2015","269.75","270.10","273.45","266.70","21.64M","-0.79%"
"Apr 29, 2015","271.90","272.25","273.40","269.55","8.22M","-0.22%"
"Apr 28, 2015","272.50","267.00","273.50","265.15","12.69M","2.04%"
"Apr 27, 2015","267.05","276.55","276.55","266.10","12.39M","-3.08%"
"Apr 24, 2015","275.55","278.35","279.60","274.35","10.05M","-0.76%"
"Apr 23, 2015","277.65","285.00","287.40","276.25","13.87M","-2.18%"
"Apr 22, 2015","283.85","290.55","293.25","275.40","17.74M","-1.85%"
"Apr 21, 2015","289.20","287.40","292.00","281.75","15.49M","0.54%"
"Apr 20, 2015","287.65","291.00","293.35","284.85","13.79M","-1.41%"
"Apr 17, 2015","291.75","291.00","294.90","289.20","16.82M","-0.22%"
"Apr 16, 2015","292.40","290.25","294.25","286.50","15.04M","0.83%"
"Apr 15, 2015","290.00","287.40","294.45","285.95","17.29M","1.29%"
"Apr 13, 2015","286.30","287.80","288.50","283.35","11.99M","0.19%"
"Apr 10, 2015","285.75","281.00","287.35","280.05","16.88M","1.74%"
"Apr 09, 2015","280.85","275.00","281.80","272.50","13.47M","2.54%"
"Apr 08, 2015","273.90","271.90","277.35","271.85","9.91M","0.68%"
"Apr 07, 2015","272.05","275.30","276.35","270.30","12.93M","-0.95%"
"Apr 06, 2015","274.65","275.45","275.75","271.20","12.93M","0.44%"
"Apr 01, 2015","273.45","266.65","274.65","263.15","12.38M","2.40%"
"Mar 31, 2015","267.05","268.90","271.35","266.00","19.48M","-0.32%"
"Mar 30, 2015","267.90","265.10","269.35","263.15","12.30M","1.63%"
"Mar 27, 2015","263.60","259.85","264.95","256.00","19.42M","2.71%"
"Mar 26, 2015","256.65","264.50","265.90","255.20","22.25M","-3.30%"
"Mar 25, 2015","265.40","271.90","272.10","265.00","15.82M","-1.90%"
"Mar 24, 2015","270.55","273.80","276.40","269.00","17.59M","-1.53%"
"Mar 23, 2015","274.75","279.40","280.00","273.55","13.06M","-1.26%"
"Mar 20, 2015","278.25","281.80","282.40","276.80","11.48M","-1.19%"
"Mar 19, 2015","281.60","290.00","290.30","280.60","11.05M","-1.98%"
"Mar 18, 2015","287.30","284.10","288.45","282.00","12.39M","1.48%"
"Mar 17, 2015","283.10","283.90","284.00","279.50","11.35M","0.51%"
"Mar 16, 2015","281.65","281.50","283.85","280.00","15.13M","0.32%"
"Mar 13, 2015","280.75","290.00","291.05","280.00","13.41M","-2.13%"
"Mar 12, 2015","286.85","288.15","289.45","286.10","9.97M","0.60%"
"Mar 11, 2015","285.15","288.55","290.90","283.75","16.33M","-0.85%"
"Mar 10, 2015","287.60","290.75","293.25","285.10","14.06M","-1.05%"
"Mar 09, 2015","290.65","292.00","294.00","288.70","13.20M","-1.07%"
"Mar 05, 2015","293.80","294.75","296.25","289.75","16.80M","-0.02%"
"Mar 04, 2015","293.85","314.00","315.00","292.00","38.67M","-2.89%"
"Mar 03, 2015","302.60","303.50","305.40","299.70","14.39M","0.20%"
"Mar 02, 2015","302.00","305.90","305.90","296.70","15.09M","0.12%"
"Feb 28, 2015","301.65","304.95","306.40","295.10","25.01M","0.58%"
"Feb 27, 2015","299.90","291.25","301.00","290.10","18.32M","3.63%"
"Feb 26, 2015","289.40","297.00","297.00","288.05","18.71M","-2.08%"
"Feb 25, 2015","295.55","299.00","300.65","295.00","12.85M","-0.24%"
"Feb 24, 2015","296.25","296.90","299.00","292.10","15.05M","-0.10%"
"Feb 23, 2015","296.55","303.20","304.60","294.40","12.44M","-1.90%"
"Feb 20, 2015","302.30","301.90","306.50","297.05","15.79M","-0.02%"
"Feb 19, 2015","302.35","306.10","307.30","296.80","17.76M","-1.10%"
"Feb 18, 2015","305.70","306.80","307.90","302.00","13.47M","-0.33%"
"Feb 16, 2015","306.70","310.60","313.15","304.70","21.37M","-0.08%"
"Feb 13, 2015","306.95","288.00","307.95","285.35","70.54M","7.97%"
"Feb 12, 2015","284.30","288.90","289.00","278.30","20.96M","-0.58%"
"Feb 11, 2015","285.95","290.80","293.50","283.70","17.37M","-0.47%"
"Feb 10, 2015","287.30","277.50","290.80","275.70","22.59M","2.79%"
"Feb 09, 2015","279.50","289.50","292.80","278.00","17.09M","-3.72%"
"Feb 06, 2015","290.30","291.00","294.85","285.70","15.99M","-0.17%"
"Feb 05, 2015","290.80","293.15","297.80","289.20","15.72M","-0.77%"
"Feb 04, 2015","293.05","302.70","302.95","291.90","21.48M","-2.41%"
"Feb 03, 2015","300.30","312.00","312.00","299.05","23.74M","-2.34%"
"Feb 02, 2015","307.50","309.50","311.90","305.10","17.64M","-0.47%"
"Jan 30, 2015","308.95","328.70","330.50","307.00","30.25M","-5.52%"
"Jan 29, 2015","327.00","332.80","333.60","325.10","14.91M","-2.27%"
"Jan 28, 2015","334.60","330.40","336.00","328.20","19.43M","1.38%"
"Jan 27, 2015","330.05","329.40","332.15","322.60","13.73M","0.79%"
"Jan 23, 2015","327.45","328.25","332.55","324.65","17.13M","0.86%"
"Jan 22, 2015","324.65","326.90","327.60","321.80","12.23M","-0.48%"
"Jan 21, 2015","326.20","319.90","327.60","319.00","22.62M","2.53%"
"Jan 20, 2015","318.15","314.00","319.80","314.00","13.10M","1.60%"
"Jan 19, 2015","313.15","316.55","317.95","312.50","9.98M","-0.73%"
"Jan 16, 2015","315.45","320.00","320.30","313.10","21.60M","-1.51%"
"Jan 15, 2015","320.30","319.90","323.70","314.00","30.73M","5.12%"
"Jan 14, 2015","304.70","304.00","307.00","302.25","8.86M","-0.13%"
"Jan 13, 2015","305.10","308.15","310.75","304.15","9.48M","-0.65%"
"Jan 12, 2015","307.10","304.15","307.80","301.10","8.54M","1.29%"
"Jan 09, 2015","303.20","306.70","307.85","302.00","11.95M","-0.54%"
"Jan 08, 2015","304.85","305.00","306.50","302.35","8.94M","1.57%"
"Jan 07, 2015","300.15","300.00","302.55","295.15","15.05M","0.08%"
"Jan 06, 2015","299.90","310.00","311.10","298.70","15.33M","-4.11%"
"Jan 05, 2015","312.75","316.25","316.80","312.10","9.14M","-0.79%"
"Jan 02, 2015","315.25","314.35","318.30","314.35","9.94M","0.40%"
"Jan 01, 2015","314.00","312.45","315.00","310.70","6.14M","0.69%"